id_sim,year,month,day,seed,Straw Value,Salinity Exposure,Max Flood Continuous,Profit Margin,Flood Stress,Methane Emissions,Labor Intensity,Net Income,AWD Adoption,Salinity Stress,Pesticide Usage,Resilient Varieties,Drought Stress,Fertilizer Usage,Water Usage,Production Cost,Emission Intensity,Water Reliability,Biodiversity,Avg Yield
19,2016,2,25,7.77189027200037E18,57.09413552515127,1.1805852093140377,0.0,43.64736351507273,0.0,243.60000000000153,222.35981308411215,619.0132864686457,0.0,0.0,1.97196261682243,0.0,0.0,112.00000000000001,836.2605270961066,798.973485231638,0.03751956016924365,100.0,1.0,6.4926134235360955
0,2016,2,25,2.0859989404320717E18,57.13411450078615,1.1805852093140377,0.0,43.60858714339603,0.0,243.60000000000153,222.66355140186917,618.9127441381161,0.0,0.0,2.032710280373832,0.0,0.0,112.00000000000001,836.2605270961066,800.0669431755633,0.037493306264813016,100.0,1.0,6.497159740447244
1,2016,2,25,5.261467072217032E18,57.09967136480676,1.1805852093140377,0.0,43.583721315961405,0.0,243.60000000000153,222.6285046728972,618.1834845545444,0.0,0.0,2.0257009345794392,0.0,0.0,112.00000000000001,836.2605270961066,799.9407749512643,0.037515922630461565,100.0,1.0,6.493242946455147
3,2016,2,25,1.8404693846837156E18,57.04803219722719,1.1805852093140377,0.0,43.559137317991336,0.0,243.60000000000153,222.52336448598132,617.279481735982,0.0,0.0,2.0046728971962615,0.0,0.0,112.00000000000001,836.2605270961066,799.562270278367,0.03754988157595006,100.0,1.0,6.487370659406352
6,2016,2,25,4.869966230546996E18,57.10870681087893,1.1805852093140377,0.0,43.607841626055354,0.0,243.60000000000153,222.57009345794393,618.6181687640576,0.0,0.0,2.014018691588785,0.0,0.0,112.00000000000001,836.2605270961066,799.7304945774325,0.03750998705400204,100.0,1.0,6.4942704365452775
7,2016,2,25,3.1566853323843717E18,57.056389773284195,1.1805852093140377,0.0,43.54448905174296,0.0,243.60000000000153,222.61682242990653,617.1506014315698,0.0,0.0,2.0233644859813085,0.0,0.0,112.00000000000001,836.2605270961066,799.8987188764979,0.03754438129819944,100.0,1.0,6.4883210636816155
8,2016,2,25,5.318585712908962E18,57.153821969665884,1.1805852093140377,0.0,43.67070637448936,0.0,243.60000000000153,222.5,619.9909827849104,0.0,0.0,2.0,0.0,0.0,112.00000000000001,836.2605270961066,799.4781581288344,0.03748037802762862,100.0,1.0,6.49940082835963
9,2016,2,25,2.1628224954845204E18,57.0962350826881,1.1805852093140377,0.0,43.58235007689398,0.0,243.60000000000153,222.61682242990653,618.1401973178974,0.0,0.0,2.0233644859813085,0.0,0.0,112.00000000000001,836.2605270961066,799.8987188764979,0.03751818049026453,100.0,1.0,6.492852180377258
10,2016,2,25,8.802962091623525E18,57.08320957874951,1.1805852093140377,0.0,43.67738419837417,0.0,243.60000000000153,222.19626168224298,619.3307153187455,0.0,0.0,1.939252336448598,0.0,0.0,112.00000000000001,836.2605270961066,798.3847001849091,0.03752674155771942,100.0,1.0,6.491370950108294
11,2016,2,25,5.275897857733697E18,57.12190777500648,1.1805852093140377,0.0,43.65459521636231,0.0,243.60000000000153,222.44158878504672,619.4086439967145,0.0,0.0,1.9883177570093458,0.0,0.0,112.00000000000001,836.2605270961066,799.2678777550026,0.03750131843607925,100.0,1.0,6.49577161974228
12,2016,2,25,2.5652351634532147E18,57.14027266443759,1.1805852093140377,0.0,43.63605188680792,0.0,243.60000000000153,222.58177570093457,619.3600804711281,0.0,0.0,2.0163551401869158,0.0,0.0,112.00000000000001,836.2605270961066,799.7725506521988,0.037489265508529525,100.0,1.0,6.497860032615947
13,2016,2,25,5.655059794573902E18,57.08525991215749,1.1805852093140377,0.0,43.53890963636047,0.0,243.60000000000153,222.74532710280374,617.4050017711131,0.0,0.0,2.0490654205607477,0.0,0.0,112.00000000000001,836.2605270961066,800.361335698928,0.037525393708344235,100.0,1.0,6.491604109295037
14,2016,2,25,7.533157338660894E18,57.05214266452118,1.1805852093140377,0.0,43.52000523861106,0.0,243.60000000000153,222.69859813084113,616.7507279513875,0.0,0.0,2.039719626168224,0.0,0.0,112.00000000000001,836.2605270961066,800.1931113998623,0.037547176198852825,100.0,1.0,6.487838092267621
15,2016,2,25,8.379500979669659E18,57.062479583792985,1.1805852093140377,0.0,43.441114914547306,0.0,243.60000000000153,223.04906542056074,615.7457728600161,0.0,0.0,2.1098130841121496,0.0,0.0,112.00000000000001,836.2605270961066,801.4547936428531,0.03754037449426372,100.0,1.0,6.489013582888586
16,2016,2,25,4.773498869831157E18,57.129783054775466,1.1805852093140377,0.0,43.60178510804567,0.0,243.60000000000153,222.67523364485982,618.7631125113454,0.0,0.0,2.0350467289719627,0.0,0.0,112.00000000000001,836.2605270961066,800.1089992503297,0.03749614891925983,100.0,1.0,6.496667178395936
17,2016,2,25,7.267451346540604E18,57.113958594742414,1.1805852093140377,0.0,43.63705621358934,0.0,243.60000000000153,222.47663551401868,619.0850503738773,0.0,0.0,1.9953271028037383,0.0,0.0,112.00000000000001,836.2605270961066,799.3940459793016,0.037506537908651646,100.0,1.0,6.494867657294764
19,2016,7,6,7.77189027200037E18,44.11873326291077,0.013541150534083078,0.0,34.19184888776213,0.0,191.3999999999997,215.5,370.14780401887623,0.0,0.11682242990654206,3.0,0.0,26.0,112.09999999999914,502.3806813395036,711.9942044018522,0.038242432211272555,88.3177570093458,1.0,5.00491179385765
0,2016,7,6,2.0859989404320717E18,44.10253497716476,0.013541150534083078,0.0,34.17000657280032,0.0,191.3999999999997,215.48831775700936,369.80002601387184,0.0,0.11682242990654206,2.9976635514018692,0.0,26.0,112.09999999999914,502.3806813395036,711.9446716915719,0.03825647815772213,88.3177570093458,1.0,5.003074229961895
1,2016,7,6,5.261467072217032E18,44.11649009346453,0.013541150534083078,0.0,34.186289798059384,0.0,191.3999999999997,215.5,370.09278367467635,0.0,0.11682242990654206,3.0,0.0,26.0,112.09999999999914,502.3806813395036,711.9942044018522,0.03824437670539041,88.3177570093458,1.0,5.004657324511254
3,2016,7,6,1.8404693846837156E18,44.05880942338996,0.013541150534083078,0.0,34.10023643127262,0.0,191.3999999999997,215.5,368.6779951813264,0.0,0.11682242990654206,3.0,0.0,26.0,112.09999999999914,502.3806813395036,711.9942044018522,0.038294445268381994,88.3177570093458,1.0,4.998113921186111
6,2016,7,6,4.869966230546996E18,44.08397552804282,0.013541150534083078,0.0,34.13826105272878,0.0,191.3999999999997,215.5,369.29526809509986,0.0,0.11682242990654206,3.0,0.0,26.0,112.09999999999914,502.3806813395036,711.9942044018522,0.0382725842178369,88.3177570093458,1.0,5.000968811267203
7,2016,7,6,3.1566853323843717E18,44.06130504915699,0.013541150534083078,0.0,34.1062779495393,0.0,191.3999999999997,215.5,368.7392077611111,0.0,0.11682242990654206,3.0,0.0,26.0,112.09999999999914,502.3806813395036,711.9942044018522,0.038292276276695555,88.3177570093458,1.0,4.998397029650717
8,2016,7,6,5.318585712908962E18,44.056163414683446,0.013541150534083078,0.0,34.09824804546755,0.0,191.3999999999997,215.5,368.61309401657905,0.0,0.11682242990654206,3.0,0.0,26.0,112.09999999999914,502.3806813395036,711.9942044018522,0.038296745228880984,88.3177570093458,1.0,4.997813752998987
9,2016,7,6,2.1628224954845204E18,44.09089175348855,0.013541150534083078,0.0,34.149423259173595,0.0,191.3999999999997,215.5,369.4649089152472,0.0,0.11682242990654206,3.0,0.0,26.0,112.09999999999914,502.3806813395036,711.9942044018522,0.03826658066902406,88.3177570093458,1.0,5.001753400844976
10,2016,7,6,8.802962091623525E18,44.0956406879221,0.013541150534083078,0.0,34.155028979182575,0.0,191.3999999999997,215.5,369.5813905335,0.0,0.11682242990654206,3.0,0.0,26.0,112.09999999999914,502.3806813395036,711.9942044018522,0.03826245950240182,88.3177570093458,1.0,5.002292128868117
11,2016,7,6,5.275897857733697E18,44.0785685154982,0.013541150534083078,0.0,34.13243877585056,0.0,191.3999999999997,215.5,369.16264517096164,0.0,0.11682242990654206,3.0,0.0,26.0,112.09999999999914,502.3806813395036,711.9942044018522,0.038277279024178164,88.3177570093458,1.0,5.000355429629685
12,2016,7,6,2.5652351634532147E18,44.169426915942786,0.013541150534083078,0.0,34.269669044737036,0.0,191.3999999999997,215.48831775700936,371.44074802973404,0.0,0.11682242990654206,2.9976635514018692,0.0,26.0,112.09999999999914,502.3806813395036,711.9446716915719,0.03819854102397441,88.3177570093458,1.0,5.010662576873604
13,2016,7,6,5.655059794573902E18,44.056429444761484,0.013541150534083078,0.0,34.09798465192886,0.0,191.3999999999997,215.5,368.61961918857776,0.0,0.11682242990654206,3.0,0.0,26.0,112.09999999999914,502.3806813395036,711.9942044018522,0.0382965139780454,88.3177570093458,1.0,4.997843931949664
14,2016,7,6,7.533157338660894E18,44.1112362678035,0.013541150534083078,0.0,34.18030244854524,0.0,191.3999999999997,215.5,369.96391811049983,0.0,0.11682242990654206,3.0,0.0,26.0,112.09999999999914,502.3806813395036,711.9942044018522,0.038248931764480146,88.3177570093458,1.0,5.00406132068094
15,2016,7,6,8.379500979669659E18,44.10036341492453,0.013541150534083078,0.0,34.1620916035371,0.0,191.3999999999997,215.5,369.6972293372388,0.0,0.11682242990654206,3.0,0.0,26.0,112.09999999999914,502.3806813395036,711.9942044018522,0.03825836195905563,88.3177570093458,1.0,5.0028278838711735
16,2016,7,6,4.773498869831157E18,44.09727932873627,0.013541150534083078,0.0,34.16384870513287,0.0,191.3999999999997,215.48831775700936,369.67111574094963,0.0,0.11682242990654206,2.9976635514018692,0.0,26.0,112.09999999999914,502.3806813395036,711.9446716915719,0.03826103768162851,88.3177570093458,1.0,5.002478019353423
17,2016,7,6,7.267451346540604E18,44.075348474351216,0.013541150534083078,0.0,34.12781397530137,0.0,191.3999999999997,215.5,369.0836641681938,0.0,0.11682242990654206,3.0,0.0,26.0,112.09999999999914,502.3806813395036,711.9942044018522,0.038280075472027546,88.3177570093458,1.0,4.999990142126593
19,2016,11,10,7.77189027200037E18,47.07622274516467,0.007800880198982646,0.0,19.60388265858561,0.0,506.2856793394026,351.6121495327103,226.17833729907753,0.0,0.0,5.322429906542056,0.0,0.0,88.0,284.8969261269706,925.7045918567825,0.09503315108964193,100.0,1.0,5.327463874809734
0,2016,11,10,2.0859989404320717E18,47.01488438531423,0.007800880198982646,0.0,19.45485533497217,0.0,506.2055076490697,351.7406542056075,224.13262194801706,0.0,0.0,5.348130841121495,0.0,0.0,88.0,284.8969261269706,926.2494516698663,0.0951420684935034,100.0,1.0,5.320522411005127
1,2016,11,10,5.261467072217032E18,47.07357139591987,0.007800880198982646,0.0,19.615342858219073,0.0,506.30457951013113,351.56542056074767,226.31159369283986,0.0,0.0,5.313084112149533,0.0,0.0,88.0,284.8969261269706,925.5064610156606,0.0950420515773796,100.0,1.0,5.327163830190654
3,2016,11,10,1.8404693846837156E18,47.03536386287763,0.007800880198982646,0.0,19.505019121431495,0.0,505.9920094538455,351.69392523364485,224.83185417807047,0.0,0.0,5.338785046728972,0.0,0.0,88.0,284.8969261269706,926.0513208287449,0.0950605332425897,100.0,1.0,5.322840007246533
6,2016,11,10,4.869966230546996E18,47.04134605739818,0.007800880198982646,0.0,19.580155620671253,0.0,506.0905507482829,351.51869158878503,225.7212199521415,0.0,0.0,5.303738317757009,0.0,0.0,88.0,284.8969261269706,925.3083301745392,0.09506695506518278,100.0,1.0,5.323516992852893
7,2016,11,10,3.1566853323843717E18,47.0277232451068,0.007800880198982646,0.0,19.51166609784862,0.0,505.9740656705122,351.6355140186916,224.8925635376275,0.0,0.0,5.327102803738318,0.0,0.0,88.0,284.8969261269706,925.803657277343,0.09507260613538293,100.0,1.0,5.321975343244589
8,2016,11,10,5.318585712908962E18,47.06034476054115,0.007800880198982646,0.0,19.554463895921025,0.0,505.9301030840818,351.67056074766356,225.54216382970105,0.0,0.0,5.33411214953271,0.0,0.0,88.0,284.8969261269706,925.952255408184,0.09499844839962619,100.0,1.0,5.325667014642237
9,2016,11,10,2.1628224954845204E18,47.128677756201505,0.007800880198982646,0.0,19.704692915203825,0.0,506.11355902879376,351.58878504672896,227.56089634420377,0.0,0.0,5.317757009345795,0.0,0.0,88.0,284.8969261269706,925.6055264362216,0.09489510543943927,100.0,1.0,5.333400038759515
10,2016,11,10,8.802962091623525E18,47.07097403117193,0.007800880198982646,0.0,19.657713053024505,0.0,506.1823457820439,351.4369158878505,226.792899976361,0.0,0.0,5.287383177570093,0.0,0.0,88.0,284.8969261269706,924.9616012025763,0.09502434934144612,100.0,1.0,5.326869894822483
11,2016,11,10,5.275897857733697E18,47.04415312866597,0.007800880198982646,0.0,19.55271542893863,0.0,506.05229821614506,351.6121495327103,225.39364299619234,0.0,0.0,5.322429906542056,0.0,0.0,88.0,284.8969261269706,925.7045918567824,0.09505409738125196,100.0,1.0,5.323834660029673
12,2016,11,10,2.5652351634532147E18,47.047072247203644,0.007800880198982646,0.0,19.586522111059956,0.0,506.56011136540934,351.5303738317757,225.81179831920173,0.0,0.0,5.30607476635514,0.0,0.0,88.0,284.8969261269706,925.3578628848196,0.09514357850990293,100.0,1.0,5.324165007233615
13,2016,11,10,5.655059794573902E18,47.08845561156189,0.007800880198982646,0.0,19.628572445075203,0.0,505.9425375504994,351.60046728971963,226.5271894779971,0.0,0.0,5.320093457943925,0.0,0.0,88.0,284.8969261269706,925.6550591465021,0.09494406968134973,100.0,1.0,5.328848228736542
14,2016,11,10,7.533157338660894E18,47.00819065801121,0.007800880198982646,0.0,19.484188126504375,0.0,506.2109558811098,351.6238317757009,224.46416381565885,0.0,0.0,5.324766355140187,0.0,0.0,88.0,284.8969261269706,925.7541245670625,0.09515664038926443,100.0,1.0,5.319764903534997
15,2016,11,10,8.379500979669659E18,47.040459483363485,0.007800880198982646,0.0,19.554036919166,0.0,506.209841913432,351.58878504672896,225.40233058433432,0.0,0.0,5.317757009345795,0.0,0.0,88.0,284.8969261269706,925.6055264362216,0.09509115555689888,100.0,1.0,5.323416662136738
16,2016,11,10,4.773498869831157E18,47.09312085133984,0.007800880198982646,0.0,19.703471268352914,0.0,506.1717772633433,351.4252336448598,227.38433139046552,0.0,0.0,5.285046728971962,0.0,0.0,88.0,284.8969261269706,924.9120684922962,0.09497767848958465,100.0,1.0,5.329376178833963
17,2016,11,10,7.267451346540604E18,47.080071369804834,0.007800880198982646,0.0,19.585411343176347,0.0,506.03270827480617,351.68224299065423,225.9753109763842,0.0,0.0,5.336448598130841,0.0,0.0,88.0,284.8969261269706,926.0017881184648,0.09497790202454094,100.0,1.0,5.32789941121309
19,2017,2,27,7.77189027200037E18,54.24391647303158,0.02384755138009564,0.0,36.44726967786351,0.0,301.60000000000235,250.80841121495328,482.8959709314592,0.0,0.0,6.761682242990654,0.0,0.0,112.30000000000058,556.5449483228148,841.1511480482536,0.04925107623832233,100.0,1.0,6.123724049005187
0,2017,2,27,2.0859989404320717E18,54.25352070188182,0.02384755138009564,0.0,36.42206753918959,0.0,301.60000000000235,250.93691588785046,482.5855420438303,0.0,0.0,6.787383177570093,0.0,0.0,112.30000000000058,556.5449483228148,841.6960078613381,0.04924235756714323,100.0,1.0,6.124808293119657
1,2017,2,27,5.261467072217032E18,54.21495460670485,0.02384755138009564,0.0,36.37925321786593,0.0,301.60000000000235,250.92523364485982,481.69370970288367,0.0,0.0,6.785046728971962,0.0,0.0,112.30000000000058,556.5449483228148,841.6464751510576,0.049277386379072446,100.0,1.0,6.120454475403925
3,2017,2,27,1.8404693846837156E18,54.200959614922795,0.02384755138009564,0.0,36.33862431451723,0.0,301.60000000000235,250.99532710280374,481.0549077874446,0.0,0.0,6.799065420560748,0.0,0.0,112.30000000000058,556.5449483228148,841.9436714127396,0.049290110076629014,100.0,1.0,6.118874547675366
6,2017,2,27,4.869966230546996E18,54.20871798182495,0.02384755138009564,0.0,36.35794180796081,0.0,301.60000000000235,250.97196261682242,481.34334823865817,0.0,0.0,6.794392523364486,0.0,0.0,112.30000000000058,556.5449483228148,841.8446059921793,0.049283055662268004,100.0,1.0,6.119750408067996
7,2017,2,27,3.1566853323843717E18,54.255801163027115,0.02384755138009564,0.0,36.4149086974288,0.0,301.60000000000235,250.96028037383178,482.5421407088601,0.0,0.0,6.792056074766355,0.0,0.0,112.30000000000058,556.5449483228148,841.7950732818986,0.04924028782933217,100.0,1.0,6.1250657397729675
8,2017,2,27,5.318585712908962E18,54.14751234854144,0.02384755138009564,0.0,36.289880767760735,0.0,301.60000000000235,250.96028037383178,479.8989043395119,0.0,0.0,6.792056074766355,0.0,0.0,112.30000000000058,556.5449483228148,841.795073281899,0.049338762757591983,100.0,1.0,6.1128407593397505
9,2017,2,27,2.1628224954845204E18,54.23616710083245,0.02384755138009564,0.0,36.38659575271087,0.0,301.60000000000235,250.97196261682242,482.01335750980576,0.0,0.0,6.794392523364486,0.0,0.0,112.30000000000058,556.5449483228148,841.8446059921793,0.049258113330753195,100.0,1.0,6.122849204045847
10,2017,2,27,8.802962091623525E18,54.154321311340595,0.02384755138009564,0.0,36.33800989018602,0.0,301.60000000000235,250.82009345794393,480.6594977599288,0.0,0.0,6.764018691588785,0.0,0.0,112.30000000000058,556.5449483228148,841.2006807585341,0.04933255926741727,100.0,1.0,6.113609439257299
11,2017,2,27,5.275897857733697E18,54.22647502836398,0.02384755138009564,0.0,36.36184109165089,0.0,301.60000000000235,251.01869158878506,481.5786515564286,0.0,0.0,6.803738317757009,0.0,0.0,112.30000000000058,556.5449483228148,842.0427368333005,0.04926691739193937,100.0,1.0,6.121755043057505
12,2017,2,27,2.5652351634532147E18,54.11677347537911,0.02384755138009564,0.0,36.27702451593592,0.0,301.60000000000235,250.89018691588785,479.4457912744054,0.0,0.0,6.77803738317757,0.0,0.0,112.30000000000058,556.5449483228148,841.4978770202164,0.049366787672475064,100.0,1.0,6.109370575233163
13,2017,2,27,5.655059794573902E18,54.188476835508865,0.02384755138009564,0.0,36.36391387768785,0.0,301.60000000000235,250.86682242990653,481.29507374369575,0.0,0.0,6.7733644859813085,0.0,0.0,112.30000000000058,556.5449483228148,841.3988115996556,0.04930146447533714,100.0,1.0,6.117465337178301
14,2017,2,27,7.533157338660894E18,54.29404577789601,0.02384755138009564,0.0,36.49116857704002,0.0,301.60000000000235,250.8551401869159,483.92145309614233,0.0,0.0,6.771028037383178,0.0,0.0,112.30000000000058,556.5449483228148,841.3492788893752,0.04920560307123229,100.0,1.0,6.129383264816251
15,2017,2,27,8.379500979669659E18,54.172884053782546,0.02384755138009564,0.0,36.32143069221855,0.0,301.60000000000235,250.94859813084113,480.5677384463803,0.0,0.0,6.789719626168225,0.0,0.0,112.30000000000058,556.5449483228148,841.7455405716181,0.04931565509833564,100.0,1.0,6.11570503116324
16,2017,2,27,4.773498869831157E18,54.176077902538886,0.02384755138009564,0.0,36.329476232545595,0.0,301.60000000000235,250.93691588785046,480.6952302444111,0.0,0.0,6.787383177570093,0.0,0.0,112.30000000000058,556.5449483228148,841.6960078613378,0.04931274778666229,100.0,1.0,6.116065592304647
17,2017,2,27,7.267451346540604E18,54.23343096401901,0.02384755138009564,0.0,36.48338839954776,0.0,301.60000000000235,250.66822429906543,483.2344212422771,0.0,0.0,6.733644859813084,0.0,0.0,112.30000000000058,556.5449483228148,840.5567555248889,0.04926059845726747,100.0,1.0,6.122540315088417
19,2017,7,10,7.77189027200037E18,49.662204451202804,0.01455428136320751,0.0,34.646833173877,0.0,350.8862594766195,229.27570093457945,419.2434762891524,0.0,0.0,4.855140186915888,0.0,0.0,112.40000000000087,600.6005711792022,790.0291433163801,0.06273789900555686,100.0,1.0,5.592891458567022
0,2017,7,10,2.0859989404320717E18,49.68392165600234,0.01455428136320751,0.0,34.77969554055845,0.0,350.89960709115877,228.9836448598131,421.01060708272826,0.0,0.0,4.796728971962617,0.0,0.0,112.40000000000087,600.6005711792022,788.7908255593709,0.0627128613008241,100.0,1.0,5.595337221306911
1,2017,7,10,5.261467072217032E18,49.62413668759271,0.01455428136320751,0.0,34.6931571685587,0.0,350.8460093082726,229.0070093457944,419.45578015981954,0.0,0.0,4.8014018691588785,0.0,0.0,112.40000000000087,600.6005711792022,788.8898909799317,0.06277882443775014,100.0,1.0,5.588604317625642
3,2017,7,10,1.8404693846837156E18,49.63800624188776,0.01455428136320751,0.0,34.66790865171954,0.0,350.8265595680909,229.12383177570092,419.2981761291295,0.0,0.0,4.824766355140187,0.0,0.0,112.40000000000087,600.6005711792022,789.3852180827353,0.06275780387719831,100.0,1.0,5.590166288396144
6,2017,7,10,4.869966230546996E18,49.740542641400666,0.01455428136320751,0.0,34.82066277250631,0.0,350.84108175009163,229.0771028037383,421.99306404767134,0.0,0.0,4.815420560747664,0.0,0.0,112.40000000000087,600.6005711792022,789.1870872416142,0.06263102582297837,100.0,1.0,5.601713801426726
7,2017,7,10,3.1566853323843717E18,49.622773144054214,0.01455428136320751,0.0,34.638195103170936,0.0,350.9027763946824,229.14719626168224,418.8281854078194,0.0,0.0,4.829439252336448,0.0,0.0,112.40000000000087,600.6005711792022,789.4842835032963,0.06279070741471757,100.0,1.0,5.588450757164651
8,2017,7,10,5.318585712908962E18,49.69250288350603,0.01455428136320751,0.0,34.758761083555875,0.0,350.75228046448393,229.0771028037383,420.8232979344593,0.0,0.0,4.815420560747664,0.0,0.0,112.40000000000087,600.6005711792022,789.1870872416142,0.06267570592947733,100.0,1.0,5.5963036277429445
9,2017,7,10,2.1628224954845204E18,49.66213082944059,0.01455428136320751,0.0,34.694009300720055,0.0,350.879246582074,229.14719626168224,419.78654341537884,0.0,0.0,4.829439252336448,0.0,0.0,112.40000000000087,600.6005711792022,789.4842835032965,0.06273673811539987,100.0,1.0,5.592883167382021
10,2017,7,10,8.802962091623525E18,49.63914306040437,0.01455428136320751,0.0,34.678729429212545,0.0,350.7654863808316,229.10046728971963,419.4249230334414,0.0,0.0,4.820093457943925,0.0,0.0,112.40000000000087,600.6005711792022,789.2861526621749,0.06274544175883509,100.0,1.0,5.590294315386517
11,2017,7,10,5.275897857733697E18,49.669019251722915,0.01455428136320751,0.0,34.7719105792905,0.0,350.86201997919994,228.94859813084113,420.79633228715585,0.0,0.0,4.789719626168225,0.0,0.0,112.40000000000087,600.6005711792022,788.64222742853,0.06272495771067249,100.0,1.0,5.5936589323439545
12,2017,7,10,2.5652351634532147E18,49.6481495431949,0.01455428136320751,0.0,34.74695803469775,0.0,350.70956067544734,228.93691588785046,420.33768845994683,0.0,0.0,4.787383177570093,0.0,0.0,112.40000000000087,600.6005711792022,788.5926947182498,0.06272405708892301,100.0,1.0,5.591308613507754
13,2017,7,10,5.655059794573902E18,49.62383358744751,0.01455428136320751,0.0,34.669665107349054,0.0,350.8092114466958,229.06542056074767,419.20073613244824,0.0,0.0,4.813084112149533,0.0,0.0,112.40000000000087,600.6005711792022,789.137554531334,0.06277262340208699,100.0,1.0,5.588570182890151
14,2017,7,10,7.533157338660894E18,49.68480080589204,0.01455428136320751,0.0,34.69839195508756,0.0,350.95592739570856,229.20560747663552,420.0908928507704,0.0,0.0,4.841121495327103,0.0,0.0,112.40000000000087,600.6005711792022,789.731947054698,0.06272181702547455,100.0,1.0,5.595436229999002
15,2017,7,10,8.379500979669659E18,49.63638543719692,0.01455428136320751,0.0,34.67242137499843,0.0,350.7875411550654,229.11214953271028,419.3082423123796,0.0,0.0,4.822429906542056,0.0,0.0,112.40000000000087,600.6005711792022,789.335685372455,0.06275287308452136,100.0,1.0,5.589983755526099
16,2017,7,10,4.773498869831157E18,49.66141150134479,0.01455428136320751,0.0,34.73505062779416,0.0,350.79572271771417,229.01869158878506,420.3138876191499,0.0,0.0,4.803738317757009,0.0,0.0,112.40000000000087,600.6005711792022,788.9394236902122,0.06272271266390561,100.0,1.0,5.59280215760794
17,2017,7,10,7.267451346540604E18,49.63835154306578,0.01455428136320751,0.0,34.68417846276297,0.0,350.8716870903585,229.08878504672896,419.4551823293396,0.0,0.0,4.817757009345795,0.0,0.0,112.40000000000087,600.6005711792022,789.2366199518943,0.06276543991838658,100.0,1.0,5.590205175755867
19,2017,11,10,7.77189027200037E18,47.18053555929678,0.004125305619807936,0.0,21.86173248133152,0.0,690.0003089608953,349.446261682243,250.80949525224315,0.0,0.0,5.1892523364485985,0.0,0.0,88.0,202.79199705628528,895.2497486495928,0.13017573707129135,100.0,1.0,5.300529303575315
0,2017,11,10,2.0859989404320717E18,47.27665105839753,0.004125305619807936,0.0,22.089793703355074,0.0,690.1685938831188,349.2593457943925,253.93675379768635,0.0,0.0,5.151869158878505,0.0,0.0,88.0,202.79199705628528,894.4572252851074,0.12994276825991066,100.0,1.0,5.3113274645853945
1,2017,11,10,5.261467072217032E18,47.201628102452446,0.004125305619807936,0.0,21.896009429942,0.0,689.6875945923774,349.43457943925233,251.37138552214955,0.0,0.0,5.186915887850467,0.0,0.0,88.0,202.79199705628528,895.2002159393123,0.13005859622051458,100.0,1.0,5.302898959658236
3,2017,11,10,1.8404693846837156E18,47.21201818572314,0.004125305619807936,0.0,22.062073128659776,0.0,689.7962455838158,349.04906542056074,253.25834978145846,0.0,0.0,5.109813084112149,0.0,0.0,88.0,202.79199705628528,893.5656365000594,0.13005045832598944,100.0,1.0,5.304066240618285
6,2017,11,10,4.869966230546996E18,47.193592413773644,0.004125305619807936,0.0,21.94252843614976,0.0,690.643137257833,349.2827102803738,251.82011637781014,0.0,0.0,5.156542056074766,0.0,0.0,88.0,202.79199705628528,894.5562907056684,0.1302609645860108,100.0,1.0,5.301996184757284
7,2017,11,10,3.1566853323843717E18,47.21942539116247,0.004125305619807936,0.0,21.945846349762153,0.0,689.669071625013,349.3878504672897,252.00182911684084,0.0,0.0,5.177570093457944,0.0,0.0,88.0,202.79199705628528,895.0020850981914,0.13000608467192892,100.0,1.0,5.304898408142946
8,2017,11,10,5.318585712908962E18,47.18882470666228,0.004125305619807936,0.0,21.87238435654847,0.0,690.2270240514628,349.446261682243,251.01084637829163,0.0,0.0,5.1892523364485985,0.0,0.0,88.0,202.79199705628528,895.2497486495928,0.1301956351632939,100.0,1.0,5.301460553464536
9,2017,11,10,2.1628224954845204E18,47.1888988175499,0.004125305619807936,0.0,21.876620785073232,0.0,690.0072209389335,349.43457943925233,251.06217931119983,0.0,0.0,5.186915887850467,0.0,0.0,88.0,202.79199705628528,895.2002159393126,0.13015396989441216,100.0,1.0,5.301468879502517
10,2017,11,10,8.802962091623525E18,47.20446597823164,0.004125305619807936,0.0,21.924847436723724,0.0,689.824386558883,349.3761682242991,251.68798372491193,0.0,0.0,5.175233644859813,0.0,0.0,88.0,202.79199705628528,894.9525523879106,0.13007657139860562,100.0,1.0,5.303217782739603
11,2017,11,10,5.275897857733697E18,47.231832284039356,0.004125305619807936,0.0,22.03394418610755,0.0,690.0478808236427,349.20093457943926,253.095727489073,0.0,0.0,5.140186915887851,0.0,0.0,88.0,202.79199705628528,894.209561733705,0.13004332325639034,100.0,1.0,5.306292268947638
12,2017,11,10,2.5652351634532147E18,47.170037594987825,0.004125305619807936,0.0,21.862272396338202,0.0,689.860097072822,349.3878504672897,250.80215345248226,0.0,0.0,5.177570093457944,0.0,0.0,88.0,202.79199705628528,895.0020850981913,0.1301782501148432,100.0,1.0,5.299349902646776
13,2017,11,10,5.655059794573902E18,47.248881143446766,0.004125305619807936,0.0,22.06707960719149,0.0,689.6739571647543,349.1892523364486,253.55939290662766,0.0,0.0,5.13785046728972,0.0,0.0,88.0,202.79199705628528,894.1600290234243,0.12992595705278756,100.0,1.0,5.308207634634139
14,2017,11,10,7.533157338660894E18,47.24145670004054,0.004125305619807936,0.0,21.970307569426108,0.0,690.2099557623426,349.41121495327104,252.43792475148322,0.0,0.0,5.182242990654205,0.0,0.0,88.0,202.79199705628528,895.1011505187512,0.13004736745889625,100.0,1.0,5.307373530498381
15,2017,11,10,8.379500979669659E18,47.22957465573121,0.004125305619807936,0.0,21.996475864007426,0.0,689.7604346749723,349.2943925233645,252.6446259081051,0.0,0.0,5.158878504672897,0.0,0.0,88.0,202.79199705628528,894.6058234159482,0.12999536607856943,100.0,1.0,5.306038634162389
16,2017,11,10,4.773498869831157E18,47.15204820323421,0.004125305619807936,0.0,21.850619672740834,0.0,689.9864099528756,349.35280373831773,250.51377246753066,0.0,0.0,5.170560747663552,0.0,0.0,88.0,202.79199705628528,894.8534869673499,0.13025176019784107,100.0,1.0,5.297328872215211
17,2017,11,10,7.267451346540604E18,47.2411907173028,0.004125305619807936,0.0,21.961980844405275,0.0,689.7540491741545,349.43457943925233,252.33239836197149,0.0,0.0,5.186915887850467,0.0,0.0,88.0,202.79199705628528,895.2002159393124,0.12996219857946717,100.0,1.0,5.307343648487102
19,2018,3,4,7.77189027200037E18,57.59745008819851,0.024677999376857055,0.0,37.937359231492536,0.0,313.1999999999982,256.60981308411215,535.0993356457103,0.0,0.0,6.72196261682243,0.0,0.0,112.59999999999913,702.0940114544924,874.7035305391461,0.0485194644164032,100.0,1.0,6.4551413286852615
0,2018,3,4,2.0859989404320717E18,57.58507357136125,0.024677999376857055,0.0,37.931990717799366,0.0,313.1999999999982,256.5747663551402,534.9225659989081,0.0,0.0,6.714953271028038,0.0,0.0,112.59999999999913,702.0940114544924,874.577362314847,0.0485298925001243,100.0,1.0,6.4537542505208725
1,2018,3,4,5.261467072217032E18,57.64930120994983,0.024677999376857055,0.0,37.975370198280274,0.0,313.1999999999982,256.6799065420561,536.1161501742467,0.0,0.0,6.735981308411215,0.0,0.0,112.59999999999913,702.0940114544924,874.9558669877442,0.0484758248821164,100.0,1.0,6.460952459532944
3,2018,3,4,1.8404693846837156E18,57.5571512025945,0.024677999376857055,0.0,37.81500191428618,0.0,313.1999999999982,256.9252336448598,532.9774327444946,0.0,0.0,6.785046728971962,0.0,0.0,112.59999999999913,702.0940114544924,875.8390445578377,0.04855343552694702,100.0,1.0,6.45062489607297
6,2018,3,4,4.869966230546996E18,57.642728820117235,0.024677999376857055,0.0,37.926001895884454,0.0,313.1999999999982,256.8434579439252,535.3664938735045,0.0,0.0,6.768691588785047,0.0,0.0,112.59999999999913,702.0940114544924,875.5446520344732,0.04848135206698606,100.0,1.0,6.460215869542043
7,2018,3,4,3.1566853323843717E18,57.641614920029156,0.024677999376857055,0.0,37.89683771725226,0.0,313.1999999999982,256.9602803738318,534.9186683852234,0.0,0.0,6.792056074766355,0.0,0.0,112.59999999999913,702.0940114544924,875.9652127821367,0.04848228894882772,100.0,1.0,6.460091030986095
8,2018,3,4,5.318585712908962E18,57.717815511265,0.024677999376857055,0.0,38.04812307277103,0.0,313.1999999999982,256.6799065420561,537.793162927778,0.0,0.0,6.735981308411215,0.0,0.0,112.59999999999913,702.0940114544924,874.9558669877442,0.04841828134476914,100.0,1.0,6.468631089356806
9,2018,3,4,2.1628224954845204E18,57.67083819207372,0.024677999376857055,0.0,37.92961172313512,0.0,313.1999999999982,256.9485981308411,535.6760174568971,0.0,0.0,6.789719626168225,0.0,0.0,112.59999999999913,702.0940114544924,875.9231567073704,0.048457721747037094,100.0,1.0,6.46336618207084
10,2018,3,4,8.802962091623525E18,57.65979422748682,0.024677999376857055,0.0,37.99783079278968,0.0,313.1999999999982,256.6448598130841,536.4991541816568,0.0,0.0,6.728971962616822,0.0,0.0,112.59999999999913,702.0940114544924,874.8296987634452,0.04846700317736659,100.0,1.0,6.462128447550853
11,2018,3,4,5.275897857733697E18,57.67360482251967,0.024677999376857055,0.0,38.01083566517695,0.0,313.1999999999982,256.6448598130841,536.8371937377688,0.0,0.0,6.728971962616822,0.0,0.0,112.59999999999913,702.0940114544924,874.8296987634452,0.04845539720691628,100.0,1.0,6.463676247716192
12,2018,3,4,2.5652351634532147E18,57.60592825955203,0.024677999376857055,0.0,37.94785329795062,0.0,313.1999999999982,256.60981308411215,535.3068543857906,0.0,0.0,6.72196261682243,0.0,0.0,112.59999999999913,702.0940114544924,874.7035305391461,0.04851232354834102,100.0,1.0,6.45609150606658
13,2018,3,4,5.655059794573902E18,57.62136077677094,0.024677999376857055,0.0,37.93414199366645,0.0,313.1999999999982,256.7266355140187,535.2640327042566,0.0,0.0,6.7453271028037385,0.0,0.0,112.59999999999913,702.0940114544924,875.1240912868096,0.04849933067107469,100.0,1.0,6.457821080545194
14,2018,3,4,7.533157338660894E18,57.606593024220224,0.024677999376857055,0.0,37.91673518083085,0.0,313.1999999999982,256.7266355140187,534.902564968422,0.0,0.0,6.7453271028037385,0.0,0.0,112.59999999999913,702.0940114544924,875.1240912868096,0.048511763729108995,100.0,1.0,6.456166008494673
15,2018,3,4,8.379500979669659E18,57.59417235811223,0.024677999376857055,0.0,37.921204703598455,0.0,313.1999999999982,256.6565420560748,534.8508829118242,0.0,0.0,6.731308411214953,0.0,0.0,112.59999999999913,702.0940114544924,874.8717548382115,0.04852222569765404,100.0,1.0,6.454773982371977
16,2018,3,4,4.773498869831157E18,57.554716765384875,0.024677999376857055,0.0,37.856366195255774,0.0,313.1999999999982,256.75,533.5486865656798,0.0,0.0,6.75,0.0,0.0,112.59999999999913,702.0940114544924,875.2082034363424,0.04855548922987077,100.0,1.0,6.450352060448838
17,2018,3,4,7.267451346540604E18,57.62911116601876,0.024677999376857055,0.0,37.98198238026272,0.0,313.1999999999982,256.5630841121495,536.0425226938066,0.0,0.0,6.712616822429907,0.0,0.0,112.59999999999913,702.0940114544924,874.5353062400807,0.048492808122255954,100.0,1.0,6.458689692920752
19,2018,7,11,7.77189027200037E18,49.66926717792181,0.003588404891532018,0.0,32.11016613123773,0.0,433.80399325729536,231.4532710280374,385.79344965518277,0.0,0.0,4.990654205607477,0.0,0.0,112.69999999999942,663.0552945758698,814.8784575316378,0.0781190628719565,100.0,1.0,5.5531131238521825
0,2018,7,11,2.0859989404320717E18,49.78615548478893,0.003588404891532018,0.0,32.272681013911765,0.0,433.7820568585803,231.44158878504672,388.66856273553867,0.0,0.0,4.988317757009346,0.0,0.0,112.69999999999942,663.0552945758698,814.8289248213575,0.07793171334003364,100.0,1.0,5.566181446132094
1,2018,7,11,5.261467072217032E18,49.76149958881767,0.003588404891532018,0.0,32.231275655289565,0.0,433.9624126773078,231.46495327102804,387.97348204595403,0.0,0.0,4.992990654205608,0.0,0.0,112.69999999999942,663.0552945758698,814.9279902419181,0.0780027451799326,100.0,1.0,5.56342487275629
3,2018,7,11,1.8404693846837156E18,49.69998538797735,0.003588404891532018,0.0,32.14755987537162,0.0,433.6650181179834,231.46495327102804,386.486478572005,0.0,0.0,4.992990654205608,0.0,0.0,112.69999999999942,663.0552945758698,814.9279902419181,0.07804576854311232,100.0,1.0,5.556547474811882
6,2018,7,11,4.869966230546996E18,49.842977271888245,0.003588404891532018,0.0,32.338447375123636,0.0,433.9375078851236,231.46495327102804,389.94306949275506,0.0,0.0,4.992990654205608,0.0,0.0,112.69999999999942,663.0552945758698,814.927990241918,0.07787076587726402,100.0,1.0,5.5725342238070965
7,2018,7,11,3.1566853323843717E18,49.74225161789999,0.003588404891532018,0.0,32.19662715035616,0.0,433.9529930569272,231.48831775700936,387.4091289482382,0.0,0.0,4.997663551401869,0.0,0.0,112.69999999999942,663.0552945758698,815.0270556624788,0.0780312348776933,100.0,1.0,5.561272915097501
8,2018,7,11,5.318585712908962E18,49.76907810609328,0.003588404891532018,0.0,32.24151137042324,0.0,434.19244385094623,231.46495327102804,388.1566800939222,0.0,0.0,4.992990654205608,0.0,0.0,112.69999999999942,663.0552945758698,814.9279902419181,0.07803220816824936,100.0,1.0,5.56427216457544
9,2018,7,11,2.1628224954845204E18,49.752298332010376,0.003588404891532018,0.0,32.21364888115696,0.0,434.0244751462375,231.47663551401868,387.701524259022,0.0,0.0,4.9953271028037385,0.0,0.0,112.69999999999942,663.0552945758698,814.9775229521986,0.07802832861836452,100.0,1.0,5.562396155748065
10,2018,7,11,8.802962091623525E18,49.77909011516883,0.003588404891532018,0.0,32.266852965865546,0.0,434.0316514516251,231.42990654205607,388.54730188878113,0.0,0.0,4.985981308411215,0.0,0.0,112.69999999999942,663.0552945758698,814.779392111077,0.07798762216295962,100.0,1.0,5.565391525140887
11,2018,7,11,5.275897857733697E18,49.708414758013355,0.003588404891532018,0.0,32.152940084436466,0.0,434.0616019600304,231.47663551401868,386.6407118597492,0.0,0.0,4.9953271028037385,0.0,0.0,112.69999999999942,663.0552945758698,814.9775229521985,0.07810389407420842,100.0,1.0,5.557489893495167
12,2018,7,11,2.5652351634532147E18,49.78185498713026,0.003588404891532018,0.0,32.26159262353424,0.0,433.83002616874217,231.4532710280374,388.51507264841064,0.0,0.0,4.990654205607477,0.0,0.0,112.69999999999942,663.0552945758698,814.8784575316378,0.07794706435231237,100.0,1.0,5.565700642783376
13,2018,7,11,5.655059794573902E18,49.731947878441446,0.003588404891532018,0.0,32.181963472409244,0.0,433.86481583048874,231.48831775700936,387.16005318751724,0.0,0.0,4.997663551401869,0.0,0.0,112.69999999999942,663.0552945758698,815.0270556624788,0.07803154295119771,100.0,1.0,5.5601209385521875
14,2018,7,11,7.533157338660894E18,49.779201212018165,0.003588404891532018,0.0,32.260356204185165,0.0,433.79903196533326,231.44158878504672,388.500454760019,0.0,0.0,4.988317757009346,0.0,0.0,112.69999999999942,663.0552945758698,814.8289248213573,0.07794565069793792,100.0,1.0,5.565403945967821
15,2018,7,11,8.379500979669659E18,49.72517258450933,0.003588404891532018,0.0,32.17964441783395,0.0,433.7503279533836,231.47663551401868,387.04580443796476,0.0,0.0,4.9953271028037385,0.0,0.0,112.69999999999942,663.0552945758698,814.9775229521985,0.07802158142171174,100.0,1.0,5.559363448542972
16,2018,7,11,4.773498869831157E18,49.799924305462255,0.003588404891532018,0.0,32.28145860702042,0.0,433.6658793551566,231.47663551401868,388.85280293948324,0.0,0.0,4.9953271028037385,0.0,0.0,112.69999999999942,663.0552945758698,814.9775229521985,0.07788930030583993,100.0,1.0,5.567720824969865
17,2018,7,11,7.267451346540604E18,49.738923396691305,0.003588404891532018,0.0,32.20206880710817,0.0,433.8896731435847,231.4532710280374,387.4772728679912,0.0,0.0,4.990654205607477,0.0,0.0,112.69999999999942,663.0552945758698,814.8784575316377,0.07802506961665331,100.0,1.0,5.560900813999111
19,2018,11,12,7.77189027200037E18,48.99188465292833,0.013801557275123152,0.0,22.60468493778882,0.0,745.590921220678,361.7943925233645,267.37368240465776,0.0,0.0,4.658878504672897,0.0,0.0,88.0,202.952706005452,914.0540361007011,0.13645243301604407,100.0,1.0,5.464108662195942
0,2018,11,12,2.0859989404320717E18,49.00265962486191,0.013801557275123152,0.0,22.497270089165088,0.0,746.682362008074,362.13317757009344,266.1970697078924,0.0,0.0,4.7266355140186915,0.0,0.0,88.0,202.952706005452,915.4904846988309,0.1366221324595336,100.0,1.0,5.465310404441501
1,2018,11,12,5.261467072217032E18,49.07344731233329,0.013801557275123152,0.0,22.678437159089285,0.0,746.4800758272918,361.93457943925233,268.74615413439676,0.0,0.0,4.686915887850467,0.0,0.0,88.0,202.952706005452,914.6484286240651,0.13638809778801947,100.0,1.0,5.473205418463309
3,2018,11,12,1.8404693846837156E18,49.04205357026704,0.013801557275123152,0.0,22.610619640974893,0.0,745.882100359369,361.98130841121497,267.79097062368817,0.0,0.0,4.696261682242991,0.0,0.0,88.0,202.952706005452,914.8465594651865,0.13636608014560636,100.0,1.0,5.469704046365088
6,2018,11,12,4.869966230546996E18,48.98467628278909,0.013801557275123152,0.0,22.483787824173113,0.0,747.2490457692649,362.0981308411215,265.91200379525685,0.0,0.0,4.719626168224299,0.0,0.0,88.0,202.952706005452,915.341886567989,0.13677601487548446,100.0,1.0,5.463304706234724
7,2018,11,12,3.1566853323843717E18,48.98436846133134,0.013801557275123152,0.0,22.50408046464273,0.0,746.2787494514686,362.0397196261682,266.152244304962,0.0,0.0,4.707943925233645,0.0,0.0,88.0,202.952706005452,915.0942230165874,0.13659927081709974,100.0,1.0,5.463270374632542
8,2018,11,12,5.318585712908962E18,48.98071479746218,0.013801557275123152,0.0,22.491227456957947,0.0,746.5454475166205,362.0514018691589,266.01460435407034,0.0,0.0,4.710280373831775,0.0,0.0,88.0,202.952706005452,915.1437557268677,0.13665828049440612,100.0,1.0,5.462862878237218
9,2018,11,12,2.1628224954845204E18,48.97792300411825,0.013801557275123152,0.0,22.512842698634973,0.0,746.3587078034539,361.98130841121497,266.2444771791418,0.0,0.0,4.696261682242991,0.0,0.0,88.0,202.952706005452,914.8465594651866,0.13663188472323284,100.0,1.0,5.462551507031529
10,2018,11,12,8.802962091623525E18,48.95196292235497,0.013801557275123152,0.0,22.43965418039746,0.0,746.6255732688373,362.0747663551402,265.2221942611962,0.0,0.0,4.714953271028038,0.0,0.0,88.0,202.952706005452,915.2428211474277,0.13675322253748778,100.0,1.0,5.459656155921056
11,2018,11,12,5.275897857733697E18,48.98365865191381,0.013801557275123152,0.0,22.571421555790625,0.0,746.0001509810052,361.85280373831773,266.9276507831189,0.0,0.0,4.670560747663552,0.0,0.0,88.0,202.952706005452,914.3016996521026,0.13655025468600113,100.0,1.0,5.463191208954103
12,2018,11,12,2.5652351634532147E18,49.017188087578745,0.013801557275123152,0.0,22.540812769707227,0.0,746.66222950116,362.0747663551402,266.79508370371235,0.0,0.0,4.714953271028038,0.0,0.0,88.0,202.952706005452,915.2428211474293,0.1365779557079039,100.0,1.0,5.46693077686731
13,2018,11,12,5.655059794573902E18,48.99669634150263,0.013801557275123152,0.0,22.484404400145923,0.0,746.19591752166,362.1448598130841,266.0037338289074,0.0,0.0,4.728971962616822,0.0,0.0,88.0,202.952706005452,915.5400174091113,0.13654974378546042,100.0,1.0,5.464645314121151
14,2018,11,12,7.533157338660894E18,48.98156459323794,0.013801557275123152,0.0,22.5103421263272,0.0,746.6567879083395,362.01635514018693,266.18369510918353,0.0,0.0,4.703271028037383,0.0,0.0,88.0,202.952706005452,914.9951575960275,0.13667629054198813,100.0,1.0,5.462957656719255
15,2018,11,12,8.379500979669659E18,48.96860721618947,0.013801557275123152,0.0,22.401061458137352,0.0,746.0927289143875,362.25,264.8805768187049,0.0,0.0,4.75,0.0,0.0,88.0,202.952706005452,915.9858118016347,0.13660917698184932,100.0,1.0,5.461512508881579
16,2018,11,12,4.773498869831157E18,48.992415420137156,0.013801557275123152,0.0,22.50362683479971,0.0,746.788997419229,362.0747663551402,266.19769668371526,0.0,0.0,4.714953271028038,0.0,0.0,88.0,202.952706005452,915.2428211474278,0.13667021524064024,100.0,1.0,5.464167859136903
17,2018,11,12,7.267451346540604E18,48.94952576658266,0.013801557275123152,0.0,22.487828697583268,0.0,746.25587700088,361.93457943925233,265.7578153491674,0.0,0.0,4.686915887850467,0.0,0.0,88.0,202.952706005452,914.648428624066,0.13669231379064192,100.0,1.0,5.459384337760542
19,2019,3,1,7.77189027200037E18,57.47817958552978,0.026523594280421968,0.0,35.35318538401522,0.0,301.60000000000235,247.8341121495327,493.95978289697257,0.0,0.0,5.866822429906542,0.0,0.0,112.90000000000087,875.9962828777692,902.7216886016498,0.04716139029847902,100.0,1.0,6.3950616826859985
0,2019,3,1,2.0859989404320717E18,57.5575999476187,0.026523594280421968,0.0,35.53241429558986,0.0,301.60000000000235,247.4836448598131,497.15132702823263,0.0,0.0,5.796728971962617,0.0,0.0,112.90000000000087,875.9962828777692,901.4600063586591,0.04709631505737218,100.0,1.0,6.403898046643283
1,2019,3,1,5.261467072217032E18,57.534031933545876,0.026523594280421968,0.0,35.43079831228036,0.0,301.60000000000235,247.77570093457945,495.5272381183063,0.0,0.0,5.855140186915888,0.0,0.0,112.90000000000087,875.9962828777692,902.511408227818,0.047115607406243806,100.0,1.0,6.4012758532331695
3,2019,3,1,1.8404693846837156E18,57.458799099095934,0.026523594280421968,0.0,35.26073491551869,0.0,301.60000000000235,248.10280373831776,492.5215602684396,0.0,0.0,5.920560747663552,0.0,0.0,112.90000000000087,875.9962828777692,903.688978321276,0.04717729753460671,100.0,1.0,6.392905396473058
6,2019,3,1,4.869966230546996E18,57.446267207850305,0.026523594280421968,0.0,35.284035627335946,0.0,301.60000000000235,247.9626168224299,492.72171655721354,0.0,0.0,5.892523364485982,0.0,0.0,112.90000000000087,875.9962828777692,903.1843054240798,0.0471875892522536,100.0,1.0,6.391511089657933
7,2019,3,1,3.1566853323843717E18,57.545345685885444,0.026523594280421968,0.0,35.464413299527855,0.0,301.60000000000235,247.69392523364485,496.0965472862106,0.0,0.0,5.838785046728972,0.0,0.0,112.90000000000087,875.9962828777692,902.2170157044535,0.04710634420159758,100.0,1.0,6.402534629078131
8,2019,3,1,5.318585712908962E18,57.48606728902958,0.026523594280421968,0.0,35.44161766614816,0.0,301.60000000000235,247.51869158878506,495.28696285585386,0.0,0.0,5.803738317757009,0.0,0.0,112.90000000000087,875.9962828777692,901.5861745829582,0.04715491925113046,100.0,1.0,6.395939273987242
9,2019,3,1,2.1628224954845204E18,57.5003300986203,0.026523594280421968,0.0,35.470698897176746,0.0,301.60000000000235,247.47196261682242,495.80176392597605,0.0,0.0,5.794392523364486,0.0,0.0,112.90000000000087,875.9962828777692,901.4179502838928,0.0471432225942001,100.0,1.0,6.397526163964603
10,2019,3,1,8.802962091623525E18,57.53318485092995,0.026523594280421968,0.0,35.498422676153034,0.0,301.60000000000235,247.5070093457944,496.47394429469875,0.0,0.0,5.8014018691588785,0.0,0.0,112.90000000000087,875.9962828777692,901.5441185081919,0.04711630110696758,100.0,1.0,6.401181606240342
11,2019,3,1,5.275897857733697E18,57.47267746532683,0.026523594280421968,0.0,35.316417762032195,0.0,301.60000000000235,247.95093457943926,493.405524293934,0.0,0.0,5.890186915887851,0.0,0.0,112.90000000000087,875.9962828777692,903.1422493493134,0.04716590527237279,100.0,1.0,6.3944495130185315
12,2019,3,1,2.5652351634532147E18,57.541035733089224,0.026523594280421968,0.0,35.4676841268081,0.0,301.60000000000235,247.67056074766356,496.0759304541189,0.0,0.0,5.83411214953271,0.0,0.0,112.90000000000087,875.9962828777692,902.1329035549209,0.04710987257256499,100.0,1.0,6.402055100773989
13,2019,3,1,5.655059794573902E18,57.53893227870884,0.026523594280421968,0.0,35.43474690434339,0.0,301.60000000000235,247.7873831775701,495.60425716635115,0.0,0.0,5.857476635514018,0.0,0.0,112.90000000000087,875.9962828777692,902.5534643025844,0.04711159477115118,100.0,1.0,6.401821068996955
14,2019,3,1,7.533157338660894E18,57.466015310623476,0.026523594280421968,0.0,35.28382137621297,0.0,301.60000000000235,248.04439252336448,492.9071897748927,0.0,0.0,5.908878504672897,0.0,0.0,112.90000000000087,875.9962828777692,903.4786979474442,0.047171373313891755,100.0,1.0,6.393708277116929
15,2019,3,1,8.379500979669659E18,57.51109663886597,0.026523594280421968,0.0,35.50714902758293,0.0,301.60000000000235,247.36682242990653,496.4418883540868,0.0,0.0,5.7733644859813085,0.0,0.0,112.90000000000087,875.9962828777692,901.0394456109956,0.04713439700343531,100.0,1.0,6.398724056616674
16,2019,3,1,4.773498869831157E18,57.52734825366303,0.026523594280421968,0.0,35.407900380564655,0.0,301.60000000000235,247.8341121495327,495.1545487760436,0.0,0.0,5.866822429906542,0.0,0.0,112.90000000000087,875.9962828777692,902.7216886016498,0.04712108142246299,100.0,1.0,6.400532222425337
17,2019,3,1,7.267451346540604E18,57.5341512431516,0.026523594280421968,0.0,35.43008075171014,0.0,301.60000000000235,247.77570093457945,495.5301372622406,0.0,0.0,5.855140186915888,0.0,0.0,112.90000000000087,875.9962828777692,902.511408227818,0.047115509701760025,100.0,1.0,6.401289127701742
19,2019,7,9,7.77189027200037E18,48.08208955160897,0.01304874506011645,0.0,29.47904805594685,0.0,377.2628472607761,232.03971962616822,340.49638045188397,0.0,0.0,5.707943925233645,0.0,0.0,112.99999999999999,626.5746104559729,813.3807943517385,0.07069232806101562,100.0,1.0,5.336687270154051
0,2019,7,9,2.0859989404320717E18,48.10010232548031,0.01304874506011645,0.0,29.58583128430703,0.0,377.4522593607558,231.80607476635515,341.91930639981524,0.0,0.0,5.661214953271028,0.0,0.0,112.99999999999999,626.5746104559729,812.3901401461309,0.07070133399163549,100.0,1.0,5.338686528961552
1,2019,7,9,5.261467072217032E18,48.12116436773852,0.01304874506011645,0.0,29.564948345714807,0.0,377.4242311781101,231.9696261682243,341.73129674324883,0.0,0.0,5.69392523364486,0.0,0.0,112.99999999999999,626.5746104559729,813.0835980900565,0.07066514116981958,100.0,1.0,5.341024229628292
3,2019,7,9,1.8404693846837156E18,48.172728268311715,0.01304874506011645,0.0,29.73093145673264,0.0,377.23148556121083,231.7126168224299,344.0584502760992,0.0,0.0,5.642523364485982,0.0,0.0,112.99999999999999,626.5746104559729,811.993878463888,0.07055345234328678,100.0,1.0,5.346747367169832
6,2019,7,9,4.869966230546996E18,48.05973791029655,0.01304874506011645,0.0,29.47160711981776,0.0,377.2046823254018,231.9696261682243,340.2571805425523,0.0,0.0,5.69392523364486,0.0,0.0,112.99999999999999,626.5746104559729,813.0835980900563,0.07071430153572032,100.0,1.0,5.334206435382272
7,2019,7,9,3.1566853323843717E18,48.143643225095474,0.01304874506011645,0.0,29.640038667536317,0.0,377.4713892008038,231.85280373831776,342.76607295614195,0.0,0.0,5.670560747663552,0.0,0.0,112.99999999999999,626.5746104559729,812.5882709872528,0.07064097202324561,100.0,1.0,5.343519184257409
8,2019,7,9,5.318585712908962E18,48.09458092506529,0.01304874506011645,0.0,29.521322397369975,0.0,377.259037286955,231.9696261682243,341.0933455224439,0.0,0.0,5.69392523364486,0.0,0.0,112.99999999999999,626.5746104559729,813.0835980900565,0.07067325374801617,100.0,1.0,5.338073702281535
9,2019,7,9,2.1628224954845204E18,48.18862837345403,0.01304874506011645,0.0,29.65634238352321,0.0,377.3293877238765,231.98130841121494,343.30076971766084,0.0,0.0,5.696261682242991,0.0,0.0,112.99999999999999,626.5746104559729,813.1331308003364,0.07054847740070694,100.0,1.0,5.348512138407901
10,2019,7,9,8.802962091623525E18,48.13506907612434,0.01304874506011645,0.0,29.564463551963208,0.0,377.4078443718389,232.0163551401869,341.8668520164023,0.0,0.0,5.703271028037383,0.0,0.0,112.99999999999999,626.5746104559729,813.2817289311779,0.07064166101624993,100.0,1.0,5.342567529450116
11,2019,7,9,5.275897857733697E18,48.15041713143393,0.01304874506011645,0.0,29.594089177710757,0.0,377.2306157155375,232.00467289719626,342.2847083761861,0.0,0.0,5.700934579439252,0.0,0.0,112.99999999999999,626.5746104559729,813.2321962208973,0.07058598146254766,100.0,1.0,5.34427102803257
12,2019,7,9,2.5652351634532147E18,48.13297745299787,0.01304874506011645,0.0,29.592209658491146,0.0,377.41810798605997,231.93457943925233,342.16338607781864,0.0,0.0,5.686915887850467,0.0,0.0,112.99999999999999,626.5746104559729,812.9349999592154,0.07064665194129813,100.0,1.0,5.342335377756685
13,2019,7,9,5.655059794573902E18,48.13763489147826,0.01304874506011645,0.0,29.589583236593725,0.0,377.3735831606795,231.95794392523365,342.1760901748819,0.0,0.0,5.691588785046729,0.0,0.0,112.99999999999999,626.5746104559729,813.0340653797758,0.07063148316722757,100.0,1.0,5.342852312292625
14,2019,7,9,7.533157338660894E18,48.1559559980483,0.01304874506011645,0.0,29.606560452113307,0.0,377.1812992755784,231.98130841121494,342.5166958852043,0.0,0.0,5.696261682242991,0.0,0.0,112.99999999999999,626.5746104559729,813.1331308003367,0.07056863586270332,100.0,1.0,5.3448857933064415
15,2019,7,9,8.379500979669659E18,48.181811348136314,0.01304874506011645,0.0,29.709214206992076,0.0,377.34224149640886,231.8177570093458,343.83063223577324,0.0,0.0,5.663551401869159,0.0,0.0,112.99999999999999,626.5746104559729,812.4396728564117,0.07056086256654535,100.0,1.0,5.34775550880689
16,2019,7,9,4.773498869831157E18,48.10990442498194,0.01304874506011645,0.0,29.598180753459815,0.0,377.3752308202729,231.84112149532712,342.00593970308,0.0,0.0,5.668224299065421,0.0,0.0,112.99999999999999,626.5746104559729,812.5387382769717,0.07067250359664777,100.0,1.0,5.33977447543224
17,2019,7,9,7.267451346540604E18,48.142228243715365,0.01304874506011645,0.0,29.60357414235753,0.0,377.4060168314234,231.93457943925233,342.38538716715,0.0,0.0,5.686915887850467,0.0,0.0,112.99999999999999,626.5746104559729,812.9349999592155,0.0706308139668425,100.0,1.0,5.343362133821593
19,2019,11,13,7.77189027200037E18,49.262676783791825,0.013541150534083078,0.0,21.84792678582991,0.0,638.6787418745449,371.52570093457945,258.0066616058573,0.0,0.0,5.105140186915888,0.0,0.0,88.0,145.6997616913651,921.3389004700306,0.11709253614358475,100.0,1.0,5.454478679079639
0,2019,11,13,2.0859989404320717E18,49.328008478749254,0.013541150534083078,0.0,21.909676950787585,0.0,638.7959697679598,371.64252336448595,259.0753714076887,0.0,0.0,5.128504672897196,0.0,0.0,88.0,145.6997616913651,921.8342275728343,0.11695891837833025,100.0,1.0,5.461712356997256
1,2019,11,13,5.261467072217032E18,49.27344794935863,0.013541150534083078,0.0,21.919496108285504,0.0,638.9424305230862,371.3621495327103,258.9579806149747,0.0,0.0,5.072429906542056,0.0,0.0,88.0,145.6997616913651,920.6454425261055,0.11711527268216262,100.0,1.0,5.455671287698764
3,2019,11,13,1.8404693846837156E18,49.278002303922094,0.013541150534083078,0.0,21.837121923033312,0.0,639.3138507938263,371.60747663551405,258.0268246773668,0.0,0.0,5.121495327102804,0.0,0.0,88.0,145.6997616913651,921.6856294419932,0.11717252206718881,100.0,1.0,5.4561755564775885
6,2019,11,13,4.869966230546996E18,49.256557906196356,0.013541150534083078,0.0,21.796615383816242,0.0,638.504418471051,371.63084112149534,257.414381646406,0.0,0.0,5.126168224299065,0.0,0.0,88.0,145.6997616913651,921.7846948625536,0.11707511826828355,100.0,1.0,5.453801182655104
7,2019,11,13,3.1566853323843717E18,49.27934018250487,0.013541150534083078,0.0,21.84531024533139,0.0,639.110250640239,371.5957943925234,258.10838612161376,0.0,0.0,5.119158878504673,0.0,0.0,88.0,145.6997616913651,921.6360967317128,0.117132026435262,100.0,1.0,5.456323689520309
8,2019,11,13,5.318585712908962E18,49.2292420550159,0.013541150534083078,0.0,21.69027850000924,0.0,638.7567111742015,371.80607476635515,256.0174511341334,0.0,0.0,5.161214953271028,0.0,0.0,88.0,145.6997616913651,922.5276855167592,0.11718636543332679,100.0,1.0,5.45077670778707
9,2019,11,13,2.1628224954845204E18,49.263620054060425,0.013541150534083078,0.0,21.876570540307537,0.0,639.4384839057022,371.44392523364485,258.3759724121372,0.0,0.0,5.088785046728972,0.0,0.0,88.0,145.6997616913651,920.9921714980676,0.11722957920311802,100.0,1.0,5.454583120167805
10,2019,11,13,8.802962091623525E18,49.3393893901474,0.013541150534083078,0.0,21.97069112176924,0.0,639.0527751182109,371.5140186915888,259.89268956502286,0.0,0.0,5.102803738317757,0.0,0.0,88.0,145.6997616913651,921.2893677597502,0.11697894830700759,100.0,1.0,5.462972478099537
11,2019,11,13,5.275897857733697E18,49.27417244308419,0.013541150534083078,0.0,21.904375957187487,0.0,639.165966569325,371.42056074766356,258.72766140041625,0.0,0.0,5.08411214953271,0.0,0.0,88.0,145.6997616913651,920.8931060775069,0.11715452324837113,100.0,1.0,5.455751505336878
12,2019,11,13,2.5652351634532147E18,49.3371967787731,0.013541150534083078,0.0,21.99008393124664,0.0,639.0267250196437,371.4556074766355,260.08786213009427,0.0,0.0,5.091121495327103,0.0,0.0,88.0,145.6997616913651,921.0417042083482,0.11697937831255419,100.0,1.0,5.462729707044986
13,2019,11,13,5.655059794573902E18,49.26993892124906,0.013541150534083078,0.0,21.843761270177716,0.0,639.0599508662633,371.5607476635514,258.03191861526756,0.0,0.0,5.11214953271028,0.0,0.0,88.0,145.6997616913651,921.4874986008716,0.11714515617099068,100.0,1.0,5.455282759907382
14,2019,11,13,7.533157338660894E18,49.29452262281574,0.013541150534083078,0.0,21.81699017731377,0.0,639.1905751296559,371.74766355140184,257.82792760904715,0.0,0.0,5.149532710280374,0.0,0.0,88.0,145.6997616913651,922.2800219653576,0.11711066724198901,100.0,1.0,5.458004724786331
15,2019,11,13,8.379500979669659E18,49.224746545479356,0.013541150534083078,0.0,21.794919600782094,0.0,639.3748876097884,371.4906542056075,257.24721207987795,0.0,0.0,5.098130841121495,0.0,0.0,88.0,145.6997616913651,921.190302339189,0.11731048868347335,100.0,1.0,5.450278954467123
16,2019,11,13,4.773498869831157E18,49.28533271798362,0.013541150534083078,0.0,21.886777163041685,0.0,638.8733251557336,371.5140186915888,258.5985760377205,0.0,0.0,5.102803738317757,0.0,0.0,88.0,145.6997616913651,921.2893677597499,0.11707436761094978,100.0,1.0,5.456987197050475
17,2019,11,13,7.267451346540604E18,49.23497141974365,0.013541150534083078,0.0,21.745108609298573,0.0,639.0964085758825,371.6892523364486,256.64993888890075,0.0,0.0,5.13785046728972,0.0,0.0,88.0,145.6997616913651,922.0323584139556,0.11723504237981955,100.0,1.0,5.45141107643677
19,2020,3,1,7.77189027200037E18,59.91423480304366,1.1805852093140377,0.0,34.97405418084418,0.0,255.19999999999817,248.34112149532712,505.67126874704655,0.0,0.0,5.668224299065421,0.0,0.0,113.1999999999994,1000.211541985391,939.6514999788008,0.03856279109830587,100.0,1.0,6.617778245081683
0,2020,3,1,2.0859989404320717E18,59.88219289665935,1.1805852093140377,0.0,34.97608286233148,0.0,255.19999999999817,248.1892523364486,505.4450445635046,0.0,0.0,5.63785046728972,0.0,0.0,113.1999999999994,1000.211541985391,939.1047710068381,0.03858342536840386,100.0,1.0,6.614239082281756
1,2020,3,1,5.261467072217032E18,59.917903654426176,1.1805852093140377,0.0,35.045415541661676,0.0,255.19999999999817,248.07242990654206,506.7270628839557,0.0,0.0,5.614485981308412,0.0,0.0,113.1999999999994,1000.211541985391,938.6842102591745,0.03856042984831537,100.0,1.0,6.61818348508756
3,2020,3,1,1.8404693846837156E18,59.90172959771628,1.1805852093140377,0.0,34.977897702933454,0.0,255.19999999999817,248.25934579439252,505.66399576393064,0.0,0.0,5.651869158878505,0.0,0.0,113.1999999999994,1000.211541985391,939.3571074554362,0.03857084154399286,100.0,1.0,6.616396992762628
6,2020,3,1,4.869966230546996E18,59.96251756868497,1.1805852093140377,0.0,35.02804435260087,0.0,255.19999999999817,248.32943925233644,506.87805939195096,0.0,0.0,5.66588785046729,0.0,0.0,113.1999999999994,1000.211541985391,939.6094439040344,0.038531739730208424,100.0,1.0,6.623111278827736
7,2020,3,1,3.1566853323843717E18,59.89746806020015,1.1805852093140377,0.0,34.96108013351413,0.0,255.19999999999817,248.3177570093458,505.3509134896453,0.0,0.0,5.663551401869159,0.0,0.0,113.1999999999994,1000.211541985391,939.567387829268,0.03857358575161283,100.0,1.0,6.615926288090234
8,2020,3,1,5.318585712908962E18,59.9197809353366,1.1805852093140377,0.0,34.91738687221179,0.0,255.19999999999817,248.58644859813083,504.92188160768364,0.0,0.0,5.7172897196261685,0.0,0.0,113.1999999999994,1000.211541985391,940.5346775488941,0.038559221753797716,100.0,1.0,6.618390838628983
9,2020,3,1,2.1628224954845204E18,59.82824285836869,1.1805852093140377,0.0,34.81872060665564,0.0,255.19999999999817,248.58644859813083,502.7136907281383,0.0,0.0,5.7172897196261685,0.0,0.0,113.1999999999994,1000.211541985391,940.5346775488941,0.03861821792082664,100.0,1.0,6.6082800745285
10,2020,3,1,8.802962091623525E18,59.922493544480204,1.1805852093140377,0.0,34.97565234123436,0.0,255.19999999999817,248.3644859813084,505.78638382754605,0.0,0.0,5.672897196261682,0.0,0.0,113.1999999999994,1000.211541985391,939.7356121283334,0.03855747623068412,100.0,1.0,6.618690457673407
11,2020,3,1,5.275897857733697E18,59.94499391286996,1.1805852093140377,0.0,35.0151332164432,0.0,255.19999999999817,248.29439252336448,506.58150105011634,0.0,0.0,5.658878504672897,0.0,0.0,113.1999999999994,1000.211541985391,939.4832756797354,0.03854300367238128,100.0,1.0,6.621175717627492
12,2020,3,1,2.5652351634532147E18,59.878471665228204,1.1805852093140377,0.0,34.88497156433968,0.0,255.19999999999817,248.53971962616822,504.0935943291052,0.0,0.0,5.707943925233645,0.0,0.0,113.1999999999994,1000.211541985391,940.3664532498287,0.03858582318937702,100.0,1.0,6.61382805668007
13,2020,3,1,5.655059794573902E18,59.86089973553308,1.1805852093140377,0.0,34.89472814664642,0.0,255.19999999999817,248.4228971962617,504.0902639904126,0.0,0.0,5.684579439252336,0.0,0.0,113.1999999999994,1000.211541985391,939.9458925021652,0.038597149904733945,100.0,1.0,6.6118871634275225
14,2020,3,1,7.533157338660894E18,59.871046019850404,1.1805852093140377,0.0,34.961990905059544,0.0,255.19999999999817,248.20093457943926,505.13409020596663,0.0,0.0,5.640186915887851,0.0,0.0,113.1999999999994,1000.211541985391,939.1468270816044,0.038590608885613546,100.0,1.0,6.613007863038304
15,2020,3,1,8.379500979669659E18,59.87678656562145,1.1805852093140377,0.0,34.89454567851743,0.0,255.19999999999817,248.4929906542056,504.2211686417814,0.0,0.0,5.6985981308411215,0.0,0.0,113.1999999999994,1000.211541985391,940.1982289507633,0.038586909101952095,100.0,1.0,6.613641930368756
16,2020,3,1,4.773498869831157E18,59.863455797676316,1.1805852093140377,0.0,34.88509232067183,0.0,255.19999999999817,248.4696261682243,503.9837000768305,0.0,0.0,5.69392523364486,0.0,0.0,113.1999999999994,1000.211541985391,940.1141168012306,0.038595501875691995,100.0,1.0,6.612169491199876
17,2020,3,1,7.267451346540604E18,59.910025861049924,1.1805852093140377,0.0,35.02662234404165,0.0,255.19999999999817,248.10747663551402,506.41085711396346,0.0,0.0,5.621495327102804,0.0,0.0,113.1999999999994,1000.211541985391,938.8103784834736,0.038565500303460065,100.0,1.0,6.617313349805081
19,2020,7,5,7.77189027200037E18,48.40095399289139,0.0023607926917973867,0.0,30.883629344563143,0.0,388.6390030822355,223.27570093457945,356.45551981511073,0.0,0.11682242990654206,4.855140186915888,0.0,0.0,113.3000000000006,660.2875331907412,796.6552319198408,0.0728724197255109,88.3177570093458,1.0,5.333142559916701
0,2020,7,5,2.0859989404320717E18,48.36485015734624,0.0023607926917973867,0.0,30.938307875497667,0.0,388.5722931347187,222.9836448598131,356.8336950023651,0.0,0.11682242990654206,4.796728971962617,0.0,0.0,113.3000000000006,660.2875331907412,795.4169141628322,0.07291430029556298,88.3177570093458,1.0,5.329164396553418
1,2020,7,5,5.261467072217032E18,48.40052638842921,0.0023607926917973867,0.0,30.90676078473215,0.0,388.64664148178093,223.20560747663552,356.74252877133335,0.0,0.11682242990654206,4.841121495327103,0.0,0.0,113.3000000000006,660.2875331907412,796.3580356581591,0.07287449579577686,88.3177570093458,1.0,5.333095443581832
3,2020,7,5,1.8404693846837156E18,48.372301806594365,0.0023607926917973867,0.0,30.794010447409466,0.0,388.60923547691215,223.40420560747663,355.2280465129475,0.0,0.11682242990654206,4.880841121495327,0.0,0.0,113.3000000000006,660.2875331907412,797.2000917329257,0.07290999904407888,88.3177570093458,1.0,5.3299854693726205
6,2020,7,5,4.869966230546996E18,48.44380757077445,0.0023607926917973867,0.0,30.834146727491618,0.0,388.7395258390053,223.57943925233644,356.1886186748635,0.0,0.11682242990654206,4.91588785046729,0.0,0.0,113.3000000000006,660.2875331907412,797.9430823871301,0.07282678852115826,88.3177570093458,1.0,5.33786445527617
7,2020,7,5,3.1566853323843717E18,48.42603494727401,0.0023607926917973867,0.0,30.95048254705171,0.0,388.60409540471704,223.19392523364485,357.39978077304573,0.0,0.11682242990654206,4.838785046728972,0.0,0.0,113.3000000000006,660.2875331907412,796.3085029478782,0.07282813539401702,88.3177570093458,1.0,5.335906148115412
8,2020,7,5,5.318585712908962E18,48.30871924883783,0.0023607926917973867,0.0,30.76034812920557,0.0,388.6505499043797,223.25233644859813,354.3571724518805,0.0,0.11682242990654206,4.850467289719626,0.0,0.0,113.3000000000006,660.2875331907412,796.5561664992807,0.07301372262720077,88.3177570093458,1.0,5.322979515628623
9,2020,7,5,2.1628224954845204E18,48.353471777316834,0.0023607926917973867,0.0,30.871324326638273,0.0,388.4599713465031,223.1355140186916,355.9186897327533,0.0,0.11682242990654206,4.827102803738318,0.0,0.0,113.3000000000006,660.2875331907412,796.0608393964765,0.07291037647877638,88.3177570093458,1.0,5.327910650133327
10,2020,7,5,8.802962091623525E18,48.40847834174492,0.0023607926917973867,0.0,30.89124377028693,0.0,388.6524910779074,223.27570093457945,356.6347809008328,0.0,0.11682242990654206,4.855140186915888,0.0,0.0,113.3000000000006,660.2875331907412,796.6552319198408,0.07286362153208673,88.3177570093458,1.0,5.3339716432672475
11,2020,7,5,5.275897857733697E18,48.400040049890066,0.0023607926917973867,0.0,30.862603330608536,0.0,388.69931938288096,223.3341121495327,356.1860823643459,0.0,0.11682242990654206,4.866822429906542,0.0,0.0,113.3000000000006,660.2875331907412,796.9028954712427,0.07288510570749057,88.3177570093458,1.0,5.333041855531444
12,2020,7,5,2.5652351634532147E18,48.36354073425217,0.0023607926917973867,0.0,30.795783209003666,0.0,388.56080788422764,223.35747663551402,355.21745240381307,0.0,0.11682242990654206,4.871495327102804,0.0,0.0,113.3000000000006,660.2875331907412,797.0019608918038,0.07291411919297502,88.3177570093458,1.0,5.329020115512331
13,2020,7,5,5.655059794573902E18,48.340248113706366,0.0023607926917973867,0.0,30.770402606919365,0.0,388.5279616382038,223.34579439252337,354.7120586307983,0.0,0.11682242990654206,4.869158878504673,0.0,0.0,113.3000000000006,660.2875331907412,796.9524281815231,0.07294308604243348,88.3177570093458,1.0,5.326453577960547
14,2020,7,5,7.533157338660894E18,48.39239854479417,0.0023607926917973867,0.0,30.858599513191656,0.0,388.54908578999976,223.3107476635514,356.1030955533155,0.0,0.11682242990654206,4.86214953271028,0.0,0.0,113.3000000000006,660.2875331907412,796.8038300506812,0.07286843999931601,88.3177570093458,1.0,5.332199863118339
15,2020,7,5,8.379500979669659E18,48.373152953377016,0.0023607926917973867,0.0,30.74270839763685,0.0,388.5610373731078,223.54439252336448,354.65393182349817,0.0,0.11682242990654206,4.908878504672897,0.0,0.0,113.3000000000006,660.2875331907412,797.7944842562898,0.07289967349900683,88.3177570093458,1.0,5.3300792544482585
16,2020,7,5,4.773498869831157E18,48.42321143870548,0.0023607926917973867,0.0,30.960315833683378,0.0,388.52582165424104,223.15887850467288,357.4811112610117,0.0,0.11682242990654206,4.831775700934579,0.0,0.0,113.3000000000006,660.2875331907412,796.1599048170377,0.0728177118219852,88.3177570093458,1.0,5.335595034956
17,2020,7,5,7.267451346540604E18,48.35336088939204,0.0023607926917973867,0.0,30.820380960760264,0.0,388.63024023597586,223.25233644859813,355.4207208213131,0.0,0.11682242990654206,4.850467289719626,0.0,0.0,113.3000000000006,660.2875331907412,796.5561664992805,0.07294250166624831,88.3177570093458,1.0,5.327898431756164
19,2020,11,10,7.77189027200037E18,48.319679026017816,0.004254100804192391,0.0,19.600311152388066,0.0,528.3505359228205,355.9299065420561,225.42863047745692,0.0,0.0,4.985981308411215,0.0,0.0,88.0,259.51921052655956,922.958566896287,0.0994767616151939,100.0,1.0,5.311296099149666
0,2020,11,10,2.0859989404320717E18,48.26820233226489,0.004254100804192391,0.0,19.51340862825573,0.0,528.1727421263932,355.94158878504675,224.1556795396459,0.0,0.0,4.988317757009346,0.0,0.0,88.0,259.51921052655956,923.0080996065675,0.0995493404582512,100.0,1.0,5.305637784189009
1,2020,11,10,5.261467072217032E18,48.25041286999817,0.004254100804192391,0.0,19.45358797600231,0.0,528.3484361313458,356.0233644859813,223.38615821626115,0.0,0.0,5.0046728971962615,0.0,0.0,88.0,259.51921052655956,923.3548285785304,0.09961917013699448,100.0,1.0,5.303682367608269
3,2020,11,10,1.8404693846837156E18,48.23410983463493,0.004254100804192391,0.0,19.424434147713917,0.0,528.209490731017,356.03504672897196,222.94916024406686,0.0,0.0,5.007009345794392,0.0,0.0,88.0,259.51921052655956,923.4043612888107,0.09962663445669216,100.0,1.0,5.301890338979888
6,2020,11,10,4.869966230546996E18,48.216783411612646,0.004254100804192391,0.0,19.32991836288719,0.0,528.5541504702112,356.1985981308411,221.84391474740656,0.0,0.0,5.039719626168225,0.0,0.0,88.0,259.51921052655956,924.0978192327366,0.09972746502663611,100.0,1.0,5.299985819643969
7,2020,11,10,3.1566853323843717E18,48.25037274479266,0.004254100804192391,0.0,19.435183563172515,0.0,528.4703579899884,356.0700934579439,223.18707374148218,0.0,0.0,5.014018691588785,0.0,0.0,88.0,259.51921052655956,923.5529594196522,0.09964224115223481,100.0,1.0,5.303677957048196
8,2020,11,10,5.318585712908962E18,48.245675284220304,0.004254100804192391,0.0,19.553250812798797,0.0,527.8963881922654,355.73130841121497,224.511880381507,0.0,0.0,4.946261682242991,0.0,0.0,88.0,259.51921052655956,922.1165108215205,0.09954371123640604,100.0,1.0,5.303161612475609
9,2020,11,10,2.1628224954845204E18,48.19823483305677,0.004254100804192391,0.0,19.38008137920499,0.0,528.1167150746704,355.9883177570093,222.29466968230315,0.0,0.0,4.997663551401869,0.0,0.0,88.0,259.51921052655956,923.2062304476896,0.09968327711800752,100.0,1.0,5.297946961048169
10,2020,11,10,8.802962091623525E18,48.272083969110575,0.004254100804192391,0.0,19.53873077985067,0.0,528.3913250828454,355.88317757009344,224.49559581598822,0.0,0.0,4.9766355140186915,0.0,0.0,88.0,259.51921052655956,922.7604360551658,0.09958253046425772,100.0,1.0,5.306064453468535
11,2020,11,10,5.275897857733697E18,48.307852767720036,0.004254100804192391,0.0,19.56839546715205,0.0,528.3497700568327,355.96495327102804,224.99896417944973,0.0,0.0,4.992990654205608,0.0,0.0,88.0,259.51921052655956,923.1071650271283,0.09950097031670291,100.0,1.0,5.309996157576568
12,2020,11,10,2.5652351634532147E18,48.27825691090861,0.004254100804192391,0.0,19.578832482391004,0.0,528.1625762678063,355.8130841121495,224.93950098538366,0.0,0.0,4.962616822429907,0.0,0.0,88.0,259.51921052655956,922.4632397934832,0.09952669235634048,100.0,1.0,5.306742982845235
13,2020,11,10,5.655059794573902E18,48.32284501709419,0.004254100804192391,0.0,19.57753256941688,0.0,528.05535111341,356.0233644859813,225.1076131613286,0.0,0.0,5.0046728971962615,0.0,0.0,88.0,259.51921052655956,923.3548285785304,0.09941467099557016,100.0,1.0,5.311644104690944
14,2020,11,10,7.533157338660894E18,48.24336033789042,0.004254100804192391,0.0,19.44349869169629,0.0,528.3084362924864,356.0233644859813,223.2185445701269,0.0,0.0,5.0046728971962615,0.0,0.0,88.0,259.51921052655956,923.3548285785301,0.09962619012137677,100.0,1.0,5.302907153719686
15,2020,11,10,8.379500979669659E18,48.25856263156637,0.004254100804192391,0.0,19.544660565862827,0.0,528.2136522713158,355.8130841121495,224.47143789568597,0.0,0.0,4.962616822429907,0.0,0.0,88.0,259.51921052655956,922.4632397934834,0.09957693778132196,100.0,1.0,5.3045781888905905
16,2020,11,10,4.773498869831157E18,48.3354206360054,0.004254100804192391,0.0,19.61129890817746,0.0,528.4601593338567,355.9766355140187,225.60462181057628,0.0,0.0,4.9953271028037385,0.0,0.0,88.0,259.51921052655956,923.1566977374088,0.09946499752924226,100.0,1.0,5.313026415935836
17,2020,11,10,7.267451346540604E18,48.29917851587358,0.004254100804192391,0.0,19.59655153013625,0.0,528.1236789923105,355.85981308411215,225.23860240603523,0.0,0.0,4.97196261682243,0.0,0.0,88.0,259.51921052655956,922.6613706346049,0.09947625408033599,100.0,1.0,5.309042684355639
19,2021,3,5,7.77189027200037E18,60.80867978451925,0.05460702135574484,0.0,35.04523782699948,0.0,316.10000000000247,258.14953271028037,505.4578915675444,0.0,0.0,6.429906542056075,0.0,0.0,113.5,833.785747558677,936.2497429591945,0.04740619801353571,100.0,1.0,6.667904477590624
0,2021,3,5,2.0859989404320717E18,60.8256326837359,0.05460702135574484,0.0,34.99455872976463,0.0,316.10000000000247,258.38317757009344,504.8691721566825,0.0,0.0,6.4766355140186915,0.0,0.0,113.5,833.785747558677,937.240397164802,0.047392985286241106,100.0,1.0,6.669763427875286
1,2021,3,5,5.261467072217032E18,60.84130613487428,0.05460702135574484,0.0,35.0684555444504,0.0,316.10000000000247,258.196261682243,506.0332959940893,0.0,0.0,6.4392523364485985,0.0,0.0,113.5,833.785747558677,936.4478738003161,0.047380776284061954,100.0,1.0,6.671482081781191
3,2021,3,5,1.8404693846837156E18,60.84819169152159,0.05460702135574484,0.0,35.05260105784195,0.0,316.10000000000247,258.26635514018693,505.89934878865347,0.0,0.0,6.453271028037383,0.0,0.0,113.5,833.785747558677,936.7450700619978,0.047375414694669944,100.0,1.0,6.672237109421353
6,2021,3,5,4.869966230546996E18,60.880436870432696,0.05460702135574484,0.0,35.046256653102375,0.0,316.10000000000247,258.4065420560748,506.0694543727553,0.0,0.0,6.481308411214953,0.0,0.0,113.5,833.785747558677,937.3394625853624,0.047350322418705,100.0,1.0,6.675772916704199
7,2021,3,5,3.1566853323843717E18,60.859953753446725,0.05460702135574484,0.0,35.173062009974764,0.0,316.10000000000247,257.9042056074766,507.7137284978245,0.0,0.0,6.380841121495327,0.0,0.0,113.5,833.785747558677,935.2095560433074,0.047366258713979814,100.0,1.0,6.6735268645295776
8,2021,3,5,5.318585712908962E18,60.88845630939443,0.05460702135574484,0.0,35.02146393115658,0.0,316.10000000000247,258.5233644859813,505.76425944214617,0.0,0.0,6.5046728971962615,0.0,0.0,113.5,833.785747558677,937.8347896881654,0.047344086047420936,100.0,1.0,6.676652278879971
9,2021,3,5,2.1628224954845204E18,60.87309398476541,0.05460702135574484,0.0,35.140130818684405,0.0,316.10000000000247,258.05607476635515,507.3813438514564,0.0,0.0,6.411214953271028,0.0,0.0,113.5,833.785747558677,935.8534812769518,0.04735603410478942,100.0,1.0,6.674967741186615
10,2021,3,5,8.802962091623525E18,60.92116411679108,0.05460702135574484,0.0,35.13238474946975,0.0,316.10000000000247,258.26635514018693,507.629445593809,0.0,0.0,6.453271028037383,0.0,0.0,113.5,833.785747558677,936.7450700619979,0.0473186676026119,100.0,1.0,6.680238815146907
11,2021,3,5,5.275897857733697E18,60.87028712897998,0.05460702135574484,0.0,35.06887662476062,0.0,316.10000000000247,258.3014018691589,506.27460943890753,0.0,0.0,6.460280373831775,0.0,0.0,113.5,833.785747558677,936.8936681928386,0.04735821779020591,100.0,1.0,6.674659958706781
12,2021,3,5,2.5652351634532147E18,60.877105158229135,0.05460702135574484,0.0,35.032427074346394,0.0,316.10000000000247,258.44158878504675,505.8418649706519,0.0,0.0,6.488317757009346,0.0,0.0,113.5,833.785747558677,937.4880607162036,0.04735291383047847,100.0,1.0,6.675407581709286
13,2021,3,5,5.655059794573902E18,60.86282130447897,0.05460702135574484,0.0,35.009504292762,0.0,316.10000000000247,258.4766355140187,505.35461220900805,0.0,0.0,6.4953271028037385,0.0,0.0,113.5,833.785747558677,937.636658847045,0.047364027053318006,100.0,1.0,6.673841302475538
14,2021,3,5,7.533157338660894E18,60.90457806066232,0.05460702135574484,0.0,35.10073544098681,0.0,316.10000000000247,258.3130841121495,507.03807740840926,0.0,0.0,6.462616822429907,0.0,0.0,113.5,833.785747558677,936.9432009031187,0.04733155382728961,100.0,1.0,6.678420090610907
15,2021,3,5,8.379500979669659E18,60.86083910124637,0.05460702135574484,0.0,34.914115948036255,0.0,316.10000000000247,258.7920560747664,503.97023314953867,0.0,0.0,6.558411214953271,0.0,0.0,113.5,833.785747558677,938.9740420246136,0.047365569672988064,100.0,1.0,6.673623946304398
16,2021,3,5,4.773498869831157E18,60.860236696878175,0.05460702135574484,0.0,35.05235723565009,0.0,316.10000000000247,258.3130841121495,505.9867919189119,0.0,0.0,6.462616822429907,0.0,0.0,113.5,833.785747558677,936.9432009031208,0.04736603850498123,100.0,1.0,6.673557890359777
17,2021,3,5,7.267451346540604E18,60.883716858420435,0.05460702135574484,0.0,34.97439317665598,0.0,316.10000000000247,258.66355140186914,505.05749969297153,0.0,0.0,6.5327102803738315,0.0,0.0,113.5,833.785747558677,938.4291822115304,0.047347771515166816,100.0,1.0,6.676132579940892
19,2021,7,11,7.77189027200037E18,49.82317503421989,0.002491947841341686,0.0,30.53219820047765,0.0,462.9857554649993,236.44158878504672,360.1261790705695,0.0,0.0,5.988317757009346,0.0,0.0,113.59999999999913,601.4510796630925,818.2676603475273,0.08495031521299654,100.0,1.0,5.450076957385641
0,2021,7,11,2.0859989404320717E18,49.875809277902604,0.002491947841341686,0.0,30.62030081551798,0.0,463.0372162715871,236.3948598130841,361.5691897985225,0.0,0.0,5.978971962616822,0.0,0.0,113.59999999999913,601.4510796630925,818.0695295064058,0.08487009888279061,100.0,1.0,5.455834532619812
1,2021,7,11,5.261467072217032E18,49.75366713005731,0.002491947841341686,0.0,30.438421752188297,0.0,463.0847932923242,236.42990654205607,358.53174416939635,0.0,0.0,5.985981308411215,0.0,0.0,113.59999999999913,601.4510796630925,818.218127637247,0.08508719148001355,100.0,1.0,5.44247359957932
3,2021,7,11,1.8404693846837156E18,49.93127385339067,0.002491947841341686,0.0,30.67978034637761,0.0,463.105694513664,236.4532710280374,362.63334778430925,0.0,0.0,5.990654205607477,0.0,0.0,113.59999999999913,601.4510796630925,818.3171930578078,0.08478836105495562,100.0,1.0,5.461901713296496
6,2021,7,11,4.869966230546996E18,49.81462420535687,0.002491947841341686,0.0,30.530083549387573,0.0,463.2035752887519,236.41822429906543,360.0230043880618,0.0,0.0,5.983644859813084,0.0,0.0,113.59999999999913,601.4510796630925,818.1685949269665,0.08500487042418133,100.0,1.0,5.449141595973592
7,2021,7,11,3.1566853323843717E18,49.73304502779835,0.002491947841341686,0.0,30.424641475548533,0.0,463.1413984476083,236.38317757009347,358.24213093878507,0.0,0.0,5.9766355140186915,0.0,0.0,113.59999999999913,601.4510796630925,818.0199967961255,0.08513287833178972,100.0,1.0,5.440217780991734
8,2021,7,11,5.318585712908962E18,49.738777318924164,0.002491947841341686,0.0,30.401226746054427,0.0,463.22791842865297,236.47663551401868,357.98144665689415,0.0,0.0,5.9953271028037385,0.0,0.0,113.59999999999913,601.4510796630925,818.4162584783686,0.08513896888251218,100.0,1.0,5.440844827095404
9,2021,7,11,2.1628224954845204E18,49.82005965297499,0.002491947841341686,0.0,30.53941815186148,0.0,463.1812858375919,236.40654205607476,360.2010936984234,0.0,0.0,5.981308411214953,0.0,0.0,113.59999999999913,601.4510796630925,818.1190622166862,0.08499150625229218,100.0,1.0,5.4497361708435434
10,2021,7,11,8.802962091623525E18,49.770705704919976,0.002491947841341686,0.0,30.45947663135515,0.0,463.3272035201772,236.44158878504672,358.8851996596233,0.0,0.0,5.988317757009346,0.0,0.0,113.59999999999913,601.4510796630925,818.2676603475273,0.08510258781150164,100.0,1.0,5.4443374218704825
11,2021,7,11,5.275897857733697E18,49.76909431449675,0.002491947841341686,0.0,30.43932232052454,0.0,463.17276558032864,236.48831775700936,358.648956985076,0.0,0.0,5.997663551401869,0.0,0.0,113.59999999999913,601.4510796630925,818.465791188649,0.08507697557786144,100.0,1.0,5.444161154464624
12,2021,7,11,2.5652351634532147E18,49.881639490321206,0.002491947841341686,0.0,30.625576508477454,0.0,463.19346182113173,236.41822429906543,361.6080177657642,0.0,0.0,5.983644859813084,0.0,0.0,113.59999999999913,601.4510796630925,818.1685949269666,0.0848888140887412,100.0,1.0,5.4564722901761575
13,2021,7,11,5.655059794573902E18,49.767568662832296,0.002491947841341686,0.0,30.4522456624707,0.0,463.15010294630025,236.44158878504672,358.81100384477145,0.0,0.0,5.988317757009346,0.0,0.0,113.59999999999913,601.4510796630925,818.2676603475273,0.08507542078961466,100.0,1.0,5.443994265883642
14,2021,7,11,7.533157338660894E18,49.82918673089282,0.002491947841341686,0.0,30.529677742739796,0.0,463.2768562718647,236.46495327102804,360.16929941634993,0.0,0.0,5.992990654205608,0.0,0.0,113.59999999999913,601.4510796630925,818.3667257680881,0.08499347208330067,100.0,1.0,5.450734567212584
15,2021,7,11,8.379500979669659E18,49.83754307804503,0.002491947841341686,0.0,30.545133219657888,0.0,463.1440859355304,236.46495327102804,360.36693973127257,0.0,0.0,5.992990654205608,0.0,0.0,113.59999999999913,601.4510796630925,818.3667257680881,0.0849548669183159,100.0,1.0,5.451648654583185
16,2021,7,11,4.773498869831157E18,49.76643534490748,0.002491947841341686,0.0,30.45464614725855,0.0,463.14225732708456,236.44158878504672,358.7841991527825,0.0,0.0,5.988317757009346,0.0,0.0,113.59999999999913,601.4510796630925,818.2676603475273,0.08507591700568282,100.0,1.0,5.443870294059224
17,2021,7,11,7.267451346540604E18,49.83529400746258,0.002491947841341686,0.0,30.563649949102235,0.0,463.2135317466591,236.3948598130841,360.61094205425167,0.0,0.0,5.978971962616822,0.0,0.0,113.59999999999913,601.4510796630925,818.0695295064057,0.08497144000996684,100.0,1.0,5.451402632370663
19,2021,11,13,7.77189027200037E18,49.34599365537645,0.016924046418416525,0.0,19.878178104052257,0.0,744.6487567195857,371.4906542056075,231.76653041200782,0.0,0.0,5.098130841121495,0.0,0.0,88.0,183.45329337463784,932.516361844169,0.13828681727933187,100.0,1.0,5.384813761498577
0,2021,11,13,2.0859989404320717E18,49.382547480925524,0.016924046418416525,0.0,19.835919924261034,0.0,745.1379540425119,371.7710280373832,231.44020633892063,0.0,0.0,5.154205607476635,0.0,0.0,88.0,183.45329337463784,933.7051468908971,0.13827523529545216,100.0,1.0,5.388802647490554
1,2021,11,13,5.261467072217032E18,49.31515407287745,0.016924046418416525,0.0,19.729596825836094,0.0,744.0526390201168,371.7593457943925,229.8996405178141,0.0,0.0,5.151869158878505,0.0,0.0,88.0,183.45329337463784,933.6556141806166,0.13826252320098845,100.0,1.0,5.381448434428669
3,2021,11,13,1.8404693846837156E18,49.358596083635014,0.016924046418416525,0.0,19.83445563096775,0.0,745.6790443526959,371.6658878504673,231.3208849024725,0.0,0.0,5.133177570093458,0.0,0.0,88.0,183.45329337463784,933.2593524983744,0.1384427925838727,100.0,1.0,5.3861889841678945
6,2021,11,13,4.869966230546996E18,49.3255942610695,0.016924046418416525,0.0,19.823895996988103,0.0,744.5867697354014,371.5373831775701,231.0870906733522,0.0,0.0,5.107476635514018,0.0,0.0,88.0,183.45329337463784,932.7144926852898,0.13833249181574428,100.0,1.0,5.382587705621424
7,2021,11,13,3.1566853323843717E18,49.3376093873536,0.016924046418416525,0.0,19.774796430933574,0.0,743.8667907352008,371.74766355140184,230.47899006930396,0.0,0.0,5.149532710280374,0.0,0.0,88.0,183.45329337463784,933.6060814703359,0.13816507569578032,100.0,1.0,5.383898839769673
8,2021,11,13,5.318585712908962E18,49.302136764897675,0.016924046418416525,0.0,19.788964244179905,0.0,743.9260882697234,371.5373831775701,230.53362808267673,0.0,0.0,5.107476635514018,0.0,0.0,88.0,183.45329337463784,932.7144926852903,0.13827550651458237,100.0,1.0,5.3800279385797785
9,2021,11,13,2.1628224954845204E18,49.362699238267844,0.016924046418416525,0.0,19.82011964024183,0.0,744.6543550372203,371.72429906542055,231.17003230550486,0.0,0.0,5.144859813084112,0.0,0.0,88.0,183.45329337463784,933.5070160497761,0.13824105682866805,100.0,1.0,5.386636735279906
10,2021,11,13,8.802962091623525E18,49.32901521427064,0.016924046418416525,0.0,19.806262090135448,0.0,744.2024452765286,371.61915887850466,230.82107660836218,0.0,0.0,5.123831775700935,0.0,0.0,88.0,183.45329337463784,933.0612216572529,0.13825150201845274,100.0,1.0,5.382961012439476
11,2021,11,13,5.275897857733697E18,49.37811299681127,0.016924046418416525,0.0,19.958583960820864,0.0,744.1917413656747,371.4088785046729,232.8710919246278,0.0,0.0,5.081775700934579,0.0,0.0,88.0,183.45329337463784,932.1696328722063,0.13811204889784495,100.0,1.0,5.388318740504087
12,2021,11,13,2.5652351634532147E18,49.25761935349974,0.016924046418416525,0.0,19.71212902342138,0.0,745.1866008790736,371.5373831775701,229.48327208295572,0.0,0.0,5.107476635514018,0.0,0.0,88.0,183.45329337463784,932.7144926852906,0.13863498191101686,100.0,1.0,5.375170037223167
13,2021,11,13,5.655059794573902E18,49.32657797443586,0.016924046418416525,0.0,19.82239494872663,0.0,744.1704268124546,371.54906542056074,231.0607679657192,0.0,0.0,5.109813084112149,0.0,0.0,88.0,183.45329337463784,932.7640253955707,0.13825238465574838,100.0,1.0,5.38269505199101
14,2021,11,13,7.533157338660894E18,49.38149665007464,0.016924046418416525,0.0,19.838327943007187,0.0,744.7370090404645,371.7593457943925,231.46494545823833,0.0,0.0,5.151869158878505,0.0,0.0,88.0,183.45329337463784,933.6556141806169,0.1382037728324052,100.0,1.0,5.388687977017679
15,2021,11,13,8.379500979669659E18,49.36618851678715,0.016924046418416525,0.0,19.79517828512045,0.0,744.8193876118016,371.80607476635515,230.90563032678776,0.0,0.0,5.161214953271028,0.0,0.0,88.0,183.45329337463784,933.8537450217381,0.1382619209771851,100.0,1.0,5.387017498004428
16,2021,11,13,4.773498869831157E18,49.35801491345341,0.016924046418416525,0.0,19.86493627737751,0.0,744.1525534489243,371.5841121495327,231.65390158596347,0.0,0.0,5.116822429906542,0.0,0.0,88.0,183.45329337463784,932.9126235264116,0.1381610110087845,100.0,1.0,5.386125564770296
17,2021,11,13,7.267451346540604E18,49.24097504419087,0.016924046418416525,0.0,19.648481446653626,0.0,744.8292970079245,371.6542056074766,228.59523458674033,0.0,0.0,5.130841121495327,0.0,0.0,88.0,183.45329337463784,933.209819788094,0.1386153474504579,100.0,1.0,5.373353749837347
19,2022,3,5,7.77189027200037E18,60.7348410529007,0.010314659589418499,0.0,35.62232188956914,0.0,316.10000000000247,251.98831775700936,509.44517127473165,0.0,0.0,5.497663551401869,0.0,0.0,113.80000000000062,854.9692259305169,920.0812350688798,0.04781015397596832,100.0,1.0,6.611566240905426
0,2022,3,5,2.0859989404320717E18,60.70609131741435,0.010314659589418499,0.0,35.61995924430364,0.0,316.10000000000247,251.8948598130841,509.1647454849972,0.0,0.0,5.478971962616822,0.0,0.0,113.80000000000062,854.9692259305169,919.6849733866372,0.04783279633772379,100.0,1.0,6.608436558217844
1,2022,3,5,5.261467072217032E18,60.699131386128116,0.010314659589418499,0.0,35.70257375351396,0.0,316.10000000000247,251.59112149532712,510.2887788517959,0.0,0.0,5.418224299065421,0.0,0.0,113.80000000000062,854.9692259305169,918.3971229193463,0.04783828097923577,100.0,1.0,6.607678903370417
3,2022,3,5,1.8404693846837156E18,60.69286782596948,0.010314659589418499,0.0,35.518710679051296,0.0,316.10000000000247,252.18691588785046,507.6151841340838,0.0,0.0,5.537383177570093,0.0,0.0,113.80000000000062,854.9692259305169,920.9232911436461,0.047843217934128955,100.0,1.0,6.606997055156539
6,2022,3,5,4.869966230546996E18,60.6955785955037,0.010314659589418499,0.0,35.62071343185933,0.0,316.10000000000247,251.85981308411215,509.06590387098413,0.0,0.0,5.47196261682243,0.0,0.0,113.80000000000062,854.9692259305169,919.5363752557952,0.04784108117325454,100.0,1.0,6.607292148253487
7,2022,3,5,3.1566853323843717E18,60.69871231270203,0.010314659589418499,0.0,35.71262782431453,0.0,316.10000000000247,251.55607476635515,510.4275131792858,0.0,0.0,5.411214953271028,0.0,0.0,113.80000000000062,854.9692259305169,918.2485247885057,0.0478386112622276,100.0,1.0,6.607633283234304
8,2022,3,5,5.318585712908962E18,60.686731830404256,0.010314659589418499,0.0,35.540716951142834,0.0,316.10000000000247,252.09345794392524,507.86702183270165,0.0,0.0,5.518691588785047,0.0,0.0,113.80000000000062,854.9692259305169,920.5270294614027,0.047848055330446365,100.0,1.0,6.606329093564306
9,2022,3,5,2.1628224954845204E18,60.665966759763755,0.010314659589418499,0.0,35.59631027498322,0.0,316.10000000000247,251.83644859813083,508.46799041753064,0.0,0.0,5.4672897196261685,0.0,0.0,113.80000000000062,854.9692259305169,919.4373098352346,0.04786443301800355,100.0,1.0,6.604068617737639
10,2022,3,5,8.802962091623525E18,60.69473614242223,0.010314659589418499,0.0,35.6756887593771,0.0,316.10000000000247,251.6728971962617,509.83859827230725,0.0,0.0,5.434579439252336,0.0,0.0,113.80000000000062,854.9692259305169,918.7438518913095,0.04784174521545673,100.0,1.0,6.607200439207154
11,2022,3,5,5.275897857733697E18,60.70027090719165,0.010314659589418499,0.0,35.6290627102477,0.0,316.10000000000247,251.8481308411215,509.2258803290143,0.0,0.0,5.469626168224299,0.0,0.0,113.80000000000062,854.9692259305169,919.4868425455145,0.0478373829152237,100.0,1.0,6.6078029510976295
12,2022,3,5,2.5652351634532147E18,60.75736018199036,0.010314659589418499,0.0,35.61663832990719,0.0,316.10000000000247,252.09345794392524,509.52941349914,0.0,0.0,5.518691588785047,0.0,0.0,113.80000000000062,854.9692259305169,920.5270294614028,0.04779243360388568,100.0,1.0,6.614017662710159
13,2022,3,5,5.655059794573902E18,60.757625522369885,0.010314659589418499,0.0,35.65965001369618,0.0,316.10000000000247,251.94158878504672,510.1795840949654,0.0,0.0,5.488317757009346,0.0,0.0,113.80000000000062,854.9692259305169,919.8831042277579,0.04779222488502338,100.0,1.0,6.614046547539127
14,2022,3,5,7.533157338660894E18,60.709149359584025,0.010314659589418499,0.0,35.65461048661872,0.0,316.10000000000247,251.78971962616822,509.6825175423583,0.0,0.0,5.457943925233645,0.0,0.0,113.80000000000062,854.9692259305169,919.2391789941132,0.04783038690339898,100.0,1.0,6.60876945525062
15,2022,3,5,8.379500979669659E18,60.72492042955676,0.010314659589418499,0.0,35.73116353863416,0.0,316.10000000000247,251.59112149532712,510.89578000527825,0.0,0.0,5.418224299065421,0.0,0.0,113.80000000000062,854.9692259305169,918.3971229193468,0.047817964715385526,100.0,1.0,6.610486286512664
16,2022,3,5,4.773498869831157E18,60.76836035708141,0.010314659589418499,0.0,35.61224747854052,0.0,316.10000000000247,252.14018691588785,509.5901956722701,0.0,0.0,5.52803738317757,0.0,0.0,113.80000000000062,854.9692259305169,920.7251603025248,0.04778378230681957,100.0,1.0,6.615215136598544
17,2022,3,5,7.267451346540604E18,60.78957851970062,0.010314659589418499,0.0,35.74486695110329,0.0,316.10000000000247,251.7663551401869,511.6746579464612,0.0,0.0,5.453271028037383,0.0,0.0,113.80000000000062,854.9692259305169,919.1401135735528,0.04776710372328213,100.0,1.0,6.617524935804982
19,2022,7,15,7.77189027200037E18,50.61031267074187,6.186904985400027E-4,0.0,35.12654955470884,0.0,500.9335268993982,246.55373831775702,417.7863843794894,0.0,0.0,6.8107476635514015,0.0,0.0,113.90000000000087,343.4891750028595,770.5546029681449,0.09114374123695472,100.0,1.0,5.496082562565382
0,2022,7,15,2.0859989404320717E18,50.60292975630281,6.186904985400027E-4,0.0,35.09533731090719,0.0,500.83505115192,246.60046728971963,417.4149011251726,0.0,0.0,6.820093457943925,0.0,0.0,113.90000000000087,343.4891750028595,770.752733809267,0.09113911895591953,100.0,1.0,5.495280806852594
1,2022,7,15,5.261467072217032E18,50.56353110155149,6.186904985400027E-4,0.0,35.038677348368076,0.0,500.811211473947,246.6355140186916,416.3412141376008,0.0,0.0,6.827102803738318,0.0,0.0,113.90000000000087,343.4891750028595,770.9013319401078,0.09120579215913924,100.0,1.0,5.491002266611677
3,2022,7,15,1.8404693846837156E18,50.62921660195593,6.186904985400027E-4,0.0,35.13655467664023,0.0,500.7897570585216,246.60046728971963,418.0321218944035,0.0,0.0,6.820093457943925,0.0,0.0,113.90000000000087,343.4891750028595,770.7527338092674,0.09108356116134433,100.0,1.0,5.498135455764939
6,2022,7,15,4.869966230546996E18,50.53247752091948,6.186904985400027E-4,0.0,34.984949800131716,0.0,500.79904218937946,246.64719626168224,415.56253669926804,0.0,0.0,6.829439252336448,0.0,0.0,113.90000000000087,343.4891750028595,770.9508646503886,0.0912596230121376,100.0,1.0,5.487629968872136
7,2022,7,15,3.1566853323843717E18,50.598636147161166,6.186904985400027E-4,0.0,35.13025782318648,0.0,500.8097760322573,246.49532710280374,417.75988065492487,0.0,0.0,6.799065420560748,0.0,0.0,113.90000000000087,343.4891750028595,770.3069394167431,0.09114225286424411,100.0,1.0,5.49481453764601
8,2022,7,15,5.318585712908962E18,50.66772944333479,6.186904985400027E-4,0.0,35.21178124791464,0.0,500.7687395868966,246.51869158878506,419.28314063528273,0.0,0.0,6.803738317757009,0.0,0.0,113.90000000000087,343.4891750028595,770.4060048373041,0.09101050825802898,100.0,1.0,5.50231780012852
9,2022,7,15,2.1628224954845204E18,50.61344821041899,6.186904985400027E-4,0.0,35.147145283123294,0.0,500.6976135115376,246.5070093457944,418.0581383641784,0.0,0.0,6.8014018691588785,0.0,0.0,113.90000000000087,343.4891750028595,770.3564721270237,0.09109517355922135,100.0,1.0,5.4964230699448855
10,2022,7,15,8.802962091623525E18,50.537979558601094,6.186904985400027E-4,0.0,35.01220909118395,0.0,500.7961565559811,246.61214953271028,415.84032385396654,0.0,0.0,6.822429906542056,0.0,0.0,113.90000000000087,343.4891750028595,770.8022665195467,0.09124916184899873,100.0,1.0,5.488227468704978
11,2022,7,15,5.275897857733697E18,50.658721856572846,6.186904985400027E-4,0.0,35.22326757577447,0.0,500.81511464684957,246.46028037383178,419.3193041191779,0.0,0.0,6.792056074766355,0.0,0.0,113.90000000000087,343.4891750028595,770.158341285902,0.09103512053949246,100.0,1.0,5.501339611338111
12,2022,7,15,2.5652351634532147E18,50.61690456550116,6.186904985400027E-4,0.0,35.154956969310476,0.0,501.01066110714544,246.4836448598131,418.2383597427677,0.0,0.0,6.796728971962617,0.0,0.0,113.90000000000087,343.4891750028595,770.2574067064626,0.09114590405784992,100.0,1.0,5.496798416626117
13,2022,7,15,5.655059794573902E18,50.585167962166594,6.186904985400027E-4,0.0,35.127096738330586,0.0,501.0115699708885,246.46028037383178,417.5922429158505,0.0,0.0,6.792056074766355,0.0,0.0,113.90000000000087,343.4891750028595,770.1583412859018,0.09120325348913905,100.0,1.0,5.4933519452850605
14,2022,7,15,7.533157338660894E18,50.598101540946296,6.186904985400027E-4,0.0,35.08430365453671,0.0,500.8455257870213,246.62383177570092,417.20246817335044,0.0,0.0,6.824766355140187,0.0,0.0,113.90000000000087,343.4891750028595,770.8517992298281,0.09114972200745174,100.0,1.0,5.494756481496189
15,2022,7,15,8.379500979669659E18,50.6132360624998,6.186904985400027E-4,0.0,35.12276399668989,0.0,500.8995460372192,246.55373831775702,417.8550262444505,0.0,0.0,6.8107476635514015,0.0,0.0,113.90000000000087,343.4891750028595,770.5546029681449,0.09113229444105163,100.0,1.0,5.496400031508292
16,2022,7,15,4.773498869831157E18,50.62262062497247,6.186904985400027E-4,0.0,35.13834745141415,0.0,501.04833973083106,246.55373831775702,418.0753777824288,0.0,0.0,6.8107476635514015,0.0,0.0,113.90000000000087,343.4891750028595,770.5546029681453,0.09114246618180699,100.0,1.0,5.497419158390578
17,2022,7,15,7.267451346540604E18,50.60188212567526,6.186904985400027E-4,0.0,35.15340640156572,0.0,501.121017770775,246.44859813084113,418.0342277671753,0.0,0.0,6.789719626168225,0.0,0.0,113.90000000000087,343.4891750028595,770.1088085756221,0.09119304550387901,100.0,1.0,5.495167038252486
19,2022,11,17,7.77189027200037E18,52.85026338486905,0.008962059653954335,0.0,20.57988009001549,0.0,1039.9706364027631,390.7593457943925,255.0535565173327,0.0,0.0,4.151869158878505,0.0,0.0,88.0,258.1989222786112,982.8793028518136,0.18164013453447633,100.0,1.0,5.72544520002748
0,2022,11,17,2.0859989404320717E18,52.88100564384379,0.008962059653954335,0.0,20.648070417699472,0.0,1039.863882071105,390.6892523364486,256.0708410078849,0.0,0.0,4.13785046728972,0.0,0.0,88.0,258.1989222786112,982.582106590131,0.18151590367736592,100.0,1.0,5.728775611416415
1,2022,11,17,5.261467072217032E18,52.868094433754116,0.008962059653954335,0.0,20.716445674488682,0.0,1039.2523977338465,390.44392523364485,256.80860348535856,0.0,0.0,4.088785046728972,0.0,0.0,88.0,258.1989222786112,981.541919674243,0.1814534675166943,100.0,1.0,5.727376896990033
3,2022,11,17,1.8404693846837156E18,52.75569106953182,0.008962059653954335,0.0,20.587255844962197,0.0,1040.1840551278076,390.31542056074767,254.72059433691766,0.0,0.0,4.063084112149533,0.0,0.0,88.0,258.1989222786112,980.9970598611588,0.18200309342466056,100.0,1.0,5.715199865865948
6,2022,11,17,4.869966230546996E18,52.84992414867177,0.008962059653954335,0.0,20.63404409999727,0.0,1038.8375658109567,390.5957943925234,255.7390683961164,0.0,0.0,4.119158878504673,0.0,0.0,88.0,258.1989222786112,982.1858449078882,0.18144339831556727,100.0,1.0,5.725408449439451
7,2022,11,17,3.1566853323843717E18,52.827043529242175,0.008962059653954335,0.0,20.57083235384151,0.0,1039.7681901274416,390.6775700934579,254.85639752300563,0.0,0.0,4.135514018691588,0.0,0.0,88.0,258.1989222786112,982.532573879851,0.18168459893554606,100.0,1.0,5.722929715667903
8,2022,11,17,5.318585712908962E18,52.86416733221529,0.008962059653954335,0.0,20.594847278750382,0.0,1040.7713363419057,390.7827102803738,255.28016881704227,0.0,0.0,4.156542056074766,0.0,0.0,88.0,258.1989222786112,982.9783682723743,0.1817321734663338,100.0,1.0,5.726951460989984
9,2022,11,17,2.1628224954845204E18,52.74989057801818,0.008962059653954335,0.0,20.427792472416506,0.0,1039.9975695971364,390.7593457943925,252.70248411334373,0.0,0.0,4.151869158878505,0.0,0.0,88.0,258.1989222786112,982.8793028518136,0.18199047354066933,100.0,1.0,5.714571479285308
10,2022,11,17,8.802962091623525E18,52.81629427275531,0.008962059653954335,0.0,20.61724903322322,0.0,1038.9123411389442,390.50233644859816,255.3476040428161,0.0,0.0,4.100467289719626,0.0,0.0,88.0,258.1989222786112,981.7895832256446,0.1815719978862408,100.0,1.0,5.721765212881821
11,2022,11,17,5.275897857733697E18,52.834020344176864,0.008962059653954335,0.0,20.639333484850013,0.0,1040.6599634470363,390.5140186915888,255.71327619387208,0.0,0.0,4.102803738317757,0.0,0.0,88.0,258.1989222786112,981.8391159359257,0.18181641123850384,100.0,1.0,5.723685537285825
12,2022,11,17,2.5652351634532147E18,52.813334976543864,0.008962059653954335,0.0,20.53303572904135,0.0,1040.0439078573802,390.7359813084112,254.28763305833075,0.0,0.0,4.147196261682243,0.0,0.0,88.0,258.1989222786112,982.7802374312527,0.18177994833241898,100.0,1.0,5.721444622458926
13,2022,11,17,5.655059794573902E18,52.791570271176326,0.008962059653954335,0.0,20.536405467351475,0.0,1039.561764403346,390.61915887850466,254.27315676142777,0.0,0.0,4.123831775700935,0.0,0.0,88.0,258.1989222786112,982.2849103284493,0.18177058759659348,100.0,1.0,5.719086779377436
14,2022,11,17,7.533157338660894E18,52.80845019064463,0.008962059653954335,0.0,20.606773241660882,0.0,1039.7527843803264,390.4906542056075,255.21340168018546,0.0,0.0,4.098130841121495,0.0,0.0,88.0,258.1989222786112,981.7400505153645,0.18174587542364284,100.0,1.0,5.720915437319837
15,2022,11,17,8.379500979669659E18,52.85950672769264,0.008962059653954335,0.0,20.63318516194998,0.0,1039.9987513263677,390.64252336448595,255.76539413642988,0.0,0.0,4.128504672897196,0.0,0.0,88.0,258.1989222786112,982.3839757490097,0.18161328147151443,100.0,1.0,5.726446562166704
16,2022,11,17,4.773498869831157E18,52.85733350061318,0.008962059653954335,0.0,20.60789684098897,0.0,1040.1116051153285,390.7126168224299,255.41729350757598,0.0,0.0,4.142523364485982,0.0,0.0,88.0,258.1989222786112,982.6811720106919,0.1816404567769803,100.0,1.0,5.726211129233099
17,2022,11,17,7.267451346540604E18,52.783839884499585,0.008962059653954335,0.0,20.59290437846752,0.0,1039.814742181386,390.42056074766356,254.9341408969087,0.0,0.0,4.08411214953271,0.0,0.0,88.0,258.1989222786112,981.4428542536821,0.1818414489895194,100.0,1.0,5.718249320820781
