id_sim,year,month,day,seed,Gini Index,Top20/Bottom20 Ratio,Bankruptcy Risk,CV Profit
163,2027,11,17,6.605295447056412E18,0.017932640454911507,1.0939806200782094,0.0,0.02518189248055576
171,2027,11,17,6.492828447697523E18,0.019307885684829534,1.1016296234729674,0.0,0.027467418150762233
161,2027,11,18,6.307363977605812E18,0.019422818579575465,1.1016380346979344,0.0,0.027354146785151457
165,2027,11,18,3.0688222562761073E18,0.016252971205539715,1.0838805925991992,0.0,0.023048284147970777
166,2027,11,18,4.898224502314156E18,0.02003608632690433,1.1052603354615813,0.0,0.02820452291653114
175,2027,11,18,2.797545246119503E18,0.021314673954414127,1.1132100999666084,0.0,0.02969314957282321
176,2027,11,18,4.898742477016446E18,0.02363569356871316,1.125870107917013,0.0,0.0334898364343526
177,2027,11,18,4.974214387304059E17,0.019370461283461076,1.100863376799345,0.0,0.027495118693384304
179,2027,11,18,8.617806463867117E18,0.02161020648407682,1.1134552437855876,0.0,0.030647852986322218
169,2027,11,18,1.481964993321812E18,0.01965880468263109,1.1028692647231955,0.0,0.027553450436553745
172,2027,11,18,1.0005304447219302E18,0.02201531396142214,1.1172185155800505,0.0,0.03097947319388909
160,2027,11,19,5.096996787781837E17,0.02286569674966637,1.1204263782092498,0.0,0.0321602807578234
162,2027,11,19,8.834479670273441E18,0.017930595696133155,1.0937567559454344,0.0,0.02511227054064978
164,2027,11,19,3.1730362057635645E18,0.019370647069794397,1.1016135277707233,0.0,0.027137507378404035
178,2027,11,19,7.278710821350941E18,0.017844803055978874,1.0920098561545368,0.0,0.025326438622153637
167,2027,11,19,8.507560024639921E18,0.01667826904540476,1.086569138761448,0.0,0.023463663986652047
168,2027,11,19,5.859174576972996E18,0.020206700289405067,1.1056667927142563,0.0,0.02873873003444507
170,2027,11,19,2.9539370702862316E18,0.01763554809866536,1.0927898751569676,0.0,0.024755993999241516
174,2027,11,19,4.281117921937587E18,0.023052152505672826,1.1219095256605716,0.0,0.032640610332894004
162,2028,11,16,8.834479670273441E18,0.020448000977733825,1.106934274249782,0.0,0.029066135443854172
161,2028,11,17,6.307363977605812E18,0.021962469044577965,1.1158112849791546,0.0,0.03110481952935464
165,2028,11,17,3.0688222562761073E18,0.0181320292238514,1.0946198703495675,0.0,0.025603408137292585
175,2028,11,17,2.797545246119503E18,0.023187490631313156,1.123457177726064,0.0,0.03255493675416168
176,2028,11,17,4.898742477016446E18,0.019149987443667565,1.1008630627405578,0.0,0.02693833348704365
178,2028,11,17,7.278710821350941E18,0.02073832864121286,1.1082277562842506,0.0,0.029458414505966486
167,2028,11,17,8.507560024639921E18,0.020056040913394035,1.105494715705334,0.0,0.028370474905632683
170,2028,11,17,2.9539370702862316E18,0.02180527548718348,1.1160286943298343,0.0,0.030609554606888675
172,2028,11,17,1.0005304447219302E18,0.02453533262465216,1.1307440282516636,0.0,0.03446655601934054
163,2028,11,18,6.605295447056412E18,0.01908803754726685,1.0996352363742514,0.0,0.026839178359859158
164,2028,11,18,3.1730362057635645E18,0.02145580624408343,1.1130375237822836,0.0,0.03023796805764483
166,2028,11,18,4.898224502314156E18,0.022508522607849482,1.1195396437731264,0.0,0.03164443003309299
177,2028,11,18,4.974214387304059E17,0.020410574178849273,1.107711709945158,0.0,0.028890231266510982
179,2028,11,18,8.617806463867117E18,0.022354862379749138,1.1187290752226264,0.0,0.031195468817943304
168,2028,11,18,5.859174576972996E18,0.01843307394751345,1.0963866741404298,0.0,0.026004297012333543
169,2028,11,18,1.481964993321812E18,0.021184822212685004,1.112217910778757,0.0,0.029813000665711242
174,2028,11,18,4.281117921937587E18,0.019316480835587898,1.1015434562784332,0.0,0.027177548497735016
160,2028,11,19,5.096996787781837E17,0.024181316932716836,1.1283442923075286,0.0,0.03402864799968913
171,2028,11,19,6.492828447697523E18,0.02092369005219199,1.1104559484422434,0.0,0.02953020649100583
162,2029,11,17,8.834479670273441E18,0.021154332794515476,1.111080957784282,0.0,0.02985455798195917
177,2029,11,17,4.974214387304059E17,0.019519724525200947,1.101842146255055,0.0,0.027648992683781553
169,2029,11,17,1.481964993321812E18,0.0188064488074615,1.0986968752257562,0.0,0.026536633150743612
174,2029,11,17,4.281117921937587E18,0.022294958162109746,1.1169537107007208,0.0,0.0317324808133448
160,2029,11,18,5.096996787781837E17,0.02592612090138989,1.1387329193902551,0.0,0.03642415223647483
164,2029,11,18,3.1730362057635645E18,0.02230422904764704,1.117510285020546,0.0,0.03126396803987467
175,2029,11,18,2.797545246119503E18,0.02542226199599479,1.135664667534274,0.0,0.035867347321787243
176,2029,11,18,4.898742477016446E18,0.019044237131982566,1.099658618694426,0.0,0.026712670104241543
167,2029,11,18,8.507560024639921E18,0.019022971267820973,1.0999656812624539,0.0,0.026591928887709344
170,2029,11,18,2.9539370702862316E18,0.020058412070463685,1.1056444219918866,0.0,0.028070586516476828
171,2029,11,18,6.492828447697523E18,0.01990693829468955,1.104993454576898,0.0,0.02796990660781732
161,2029,11,19,6.307363977605812E18,0.01934127487071413,1.1006987080058581,0.0,0.027309966340298857
163,2029,11,19,6.605295447056412E18,0.021258578275460998,1.1108750479558887,0.0,0.0302182952461693
165,2029,11,19,3.0688222562761073E18,0.01889931770202319,1.0989070166062689,0.0,0.026742640784682335
166,2029,11,19,4.898224502314156E18,0.0194699328554671,1.1020552734307414,0.0,0.027536294009685408
178,2029,11,19,7.278710821350941E18,0.021076397156077623,1.1108038162955858,0.0,0.029605639669944735
179,2029,11,19,8.617806463867117E18,0.021071039215002838,1.110836981400937,0.0,0.030001621538893027
168,2029,11,19,5.859174576972996E18,0.0190800811616237,1.0996409324756062,0.0,0.02692471879581014
172,2029,11,19,1.0005304447219302E18,0.029194113245335294,1.157191313125695,0.0,0.0413939990893137
166,2030,11,17,4.898224502314156E18,0.019643445512919775,1.1030855441561498,0.0,0.02775554722495094
178,2030,11,17,7.278710821350941E18,0.022537959308654175,1.1191616858094733,0.0,0.03187340722031932
179,2030,11,17,8.617806463867117E18,0.021207414326662732,1.1111675124857563,0.0,0.030080082366506593
168,2030,11,17,5.859174576972996E18,0.019129380088052296,1.1009908523014058,0.0,0.026661096946216843
172,2030,11,17,1.0005304447219302E18,0.026196587710190254,1.1397952080708755,0.0,0.03714845627388878
161,2030,11,18,6.307363977605812E18,0.021139425392942206,1.111524080886866,0.0,0.02971089066210365
165,2030,11,18,3.0688222562761073E18,0.017515328522172743,1.090947754359296,0.0,0.025027687714598887
177,2030,11,18,4.974214387304059E17,0.019808244532529072,1.10440881277721,0.0,0.027907813137248147
167,2030,11,18,8.507560024639921E18,0.019431358703780433,1.1022120509546927,0.0,0.027242326962446595
169,2030,11,18,1.481964993321812E18,0.019355253578217452,1.10245554748003,0.0,0.02720560522030504
170,2030,11,18,2.9539370702862316E18,0.022819016376441157,1.1200206436415805,0.0,0.03260234046114819
174,2030,11,18,4.281117921937587E18,0.020949324538330566,1.109935665088087,0.0,0.029618535771156907
160,2030,11,19,5.096996787781837E17,0.023799759822470807,1.125416752318665,0.0,0.033800446875975526
162,2030,11,19,8.834479670273441E18,0.020155738963449375,1.1057496917102476,0.0,0.02850403255729686
163,2030,11,19,6.605295447056412E18,0.018785155268031054,1.0977793769191113,0.0,0.026665293118536763
175,2030,11,19,2.797545246119503E18,0.02452023601678252,1.1305993982817701,0.0,0.034667110129617894
176,2030,11,19,4.898742477016446E18,0.01967823599243088,1.103145941953229,0.0,0.027848300792158248
171,2030,11,19,6.492828447697523E18,0.022416850948679175,1.1183819978667089,0.0,0.03164811843382007
164,2030,11,20,3.1730362057635645E18,0.02344661727149215,1.1245658349224474,0.0,0.03281022904970964
161,2031,11,17,6.307363977605812E18,0.021629401998770045,1.113065731357435,0.0,0.03065412279163255
166,2031,11,17,4.898224502314156E18,0.016715453149470292,1.0868886206620259,0.0,0.023598000412326826
175,2031,11,17,2.797545246119503E18,0.02998127079903513,1.1617011412861564,0.0,0.04244113822651659
168,2031,11,17,5.859174576972996E18,0.018019539809889108,1.094380108425623,0.0,0.0253988169116217
170,2031,11,17,2.9539370702862316E18,0.020958015613036153,1.1111068917253746,0.0,0.029340729800703107
160,2031,11,18,5.096996787781837E17,0.02514245496727826,1.1334791408319929,0.0,0.03561506580949264
162,2031,11,18,8.834479670273441E18,0.02226736852422535,1.1170089284107747,0.0,0.03163012410333632
163,2031,11,18,6.605295447056412E18,0.020108938919573244,1.1056669208050995,0.0,0.02829627968736689
164,2031,11,18,3.1730362057635645E18,0.02251413756254401,1.1190361945084835,0.0,0.03181818809728762
165,2031,11,18,3.0688222562761073E18,0.015605100230329613,1.0812853232505908,0.0,0.021851795647203152
176,2031,11,18,4.898742477016446E18,0.01825642668903533,1.0954080903751635,0.0,0.025797569975034254
177,2031,11,18,4.974214387304059E17,0.021710090864934722,1.113957989414424,0.0,0.030586968835751654
179,2031,11,18,8.617806463867117E18,0.02110668500141337,1.1100381135505484,0.0,0.030047480933684857
167,2031,11,18,8.507560024639921E18,0.01863624788255039,1.0977440479352893,0.0,0.02624803188709939
169,2031,11,18,1.481964993321812E18,0.021702811710730338,1.114202207164116,0.0,0.030858967031504154
171,2031,11,18,6.492828447697523E18,0.020526169402450285,1.1088295094012715,0.0,0.028656137780148954
172,2031,11,18,1.0005304447219302E18,0.023610382766804636,1.1243429284768316,0.0,0.03357382528789306
178,2031,11,19,7.278710821350941E18,0.02239296937341984,1.1178771982564855,0.0,0.03163738393470237
174,2031,11,19,4.281117921937587E18,0.019346044086310642,1.100054989510151,0.0,0.027820388743339846
166,2032,11,15,4.898224502314156E18,0.018834105438979558,1.0971756866227684,0.0,0.027035647220251424
160,2032,11,16,5.096996787781837E17,0.02680381673698631,1.142621410904677,0.0,0.03799789503185048
163,2032,11,16,6.605295447056412E18,0.01726010028569209,1.0897359951476,0.0,0.02437582093236508
176,2032,11,16,4.898742477016446E18,0.018959293772299327,1.0984409494987777,0.0,0.026935198942005155
177,2032,11,16,4.974214387304059E17,0.019301373895125228,1.1013089077916178,0.0,0.027414123025570763
178,2032,11,16,7.278710821350941E18,0.022110150243312456,1.1174527849823555,0.0,0.030941050205962835
170,2032,11,16,2.9539370702862316E18,0.02445702818187519,1.1289757100225426,0.0,0.03473597210579962
174,2032,11,16,4.281117921937587E18,0.019229585362253332,1.1005504621119238,0.0,0.027083240654553968
161,2032,11,17,6.307363977605812E18,0.019755341058467074,1.1034338666694274,0.0,0.02790064682428229
162,2032,11,17,8.834479670273441E18,0.02066661699515994,1.108835410391631,0.0,0.02902539587825815
164,2032,11,17,3.1730362057635645E18,0.01981594574141825,1.1043023631316036,0.0,0.02765306935681515
175,2032,11,17,2.797545246119503E18,0.029396614743024206,1.1580831541187877,0.0,0.04151079144144838
179,2032,11,17,8.617806463867117E18,0.022118845549712992,1.1164675150615366,0.0,0.031179190736258355
167,2032,11,17,8.507560024639921E18,0.01789241934650877,1.094410074680307,0.0,0.02497455456281665
168,2032,11,17,5.859174576972996E18,0.018077328801861237,1.093299109960076,0.0,0.025794264974547735
169,2032,11,17,1.481964993321812E18,0.018909492375452693,1.0986360887248383,0.0,0.02676073444788106
171,2032,11,17,6.492828447697523E18,0.020936012045800482,1.110662441748887,0.0,0.02940469463434092
172,2032,11,17,1.0005304447219302E18,0.01800765022166544,1.0936766393239574,0.0,0.025334002471328203
165,2032,11,18,3.0688222562761073E18,0.015798701834207715,1.081494126548092,0.0,0.022456632494238737
166,2033,11,16,4.898224502314156E18,0.018433297159874882,1.0964361817157282,0.0,0.02615925839658852
176,2033,11,16,4.898742477016446E18,0.01793869323931341,1.0944814094134296,0.0,0.02504711445359167
160,2033,11,17,5.096996787781837E17,0.02250594638836226,1.1177013917250156,0.0,0.03205732830230287
162,2033,11,17,8.834479670273441E18,0.02279215405308591,1.1217437915033523,0.0,0.031718690664999286
175,2033,11,17,2.797545246119503E18,0.030895945365908378,1.1665696443210418,0.0,0.04357518662508453
178,2033,11,17,7.278710821350941E18,0.025289072015635967,1.135052389843814,0.0,0.03569724296510324
161,2033,11,18,6.307363977605812E18,0.022266744670076815,1.1170758111544459,0.0,0.03147492064658358
163,2033,11,18,6.605295447056412E18,0.017983183034297277,1.0941690180583843,0.0,0.02547943789994015
164,2033,11,18,3.1730362057635645E18,0.02257534512531189,1.120080844212831,0.0,0.03196263073267331
165,2033,11,18,3.0688222562761073E18,0.015111175700459145,1.078188592611521,0.0,0.02134961966743501
177,2033,11,18,4.974214387304059E17,0.020143427983477076,1.1066120088120635,0.0,0.028015808346190926
179,2033,11,18,8.617806463867117E18,0.020654904769180273,1.1081567314061536,0.0,0.029324095494090516
167,2033,11,18,8.507560024639921E18,0.017571125947106934,1.0910043753629783,0.0,0.02492849160060401
168,2033,11,18,5.859174576972996E18,0.01924050772032806,1.101374117250379,0.0,0.02705885871932643
170,2033,11,18,2.9539370702862316E18,0.02054357551292409,1.1088746679031505,0.0,0.02877159579378087
171,2033,11,18,6.492828447697523E18,0.020213067576434682,1.1063497409650336,0.0,0.028312829103696386
172,2033,11,18,1.0005304447219302E18,0.021806280761107532,1.1157122239174273,0.0,0.030749702906457854
174,2033,11,18,4.281117921937587E18,0.017987077677784805,1.0941252632354992,0.0,0.025288896510634533
169,2033,11,19,1.481964993321812E18,0.02031539244986532,1.1064369201343898,0.0,0.02869582574724957
161,2034,11,16,6.307363977605812E18,0.022501602221318008,1.1192574688847767,0.0,0.0319326823217849
162,2034,11,17,8.834479670273441E18,0.024179669578747492,1.128564885232408,0.0,0.03390581505425128
166,2034,11,17,4.898224502314156E18,0.017713922984892824,1.0924777429030872,0.0,0.024993787898848215
168,2034,11,17,5.859174576972996E18,0.020154396494495436,1.1051914697321714,0.0,0.02871946722122018
169,2034,11,17,1.481964993321812E18,0.02027333474730352,1.1060850013794745,0.0,0.028766955607728018
170,2034,11,17,2.9539370702862316E18,0.02509715661234851,1.1350684070899837,0.0,0.035205817137152255
172,2034,11,17,1.0005304447219302E18,0.018482721004006542,1.097098005631957,0.0,0.025725924397115626
174,2034,11,17,4.281117921937587E18,0.01814859261326538,1.094556872042857,0.0,0.025797416951059745
163,2034,11,18,6.605295447056412E18,0.019622305191576782,1.1021146676003128,0.0,0.027986209008253982
176,2034,11,18,4.898742477016446E18,0.015710090886979645,1.0810392930594812,0.0,0.022158455563693943
177,2034,11,18,4.974214387304059E17,0.019165716551704206,1.1003548386821298,0.0,0.027006782199378316
178,2034,11,18,7.278710821350941E18,0.023404079696345774,1.1238266268453296,0.0,0.03315503599495658
179,2034,11,18,8.617806463867117E18,0.019377211550585926,1.1010571941747178,0.0,0.027374994371011388
167,2034,11,18,8.507560024639921E18,0.019161628161461323,1.0999687778522331,0.0,0.027105359920248945
171,2034,11,18,6.492828447697523E18,0.020203629560896642,1.1075274334901717,0.0,0.02836367399244514
160,2034,11,19,5.096996787781837E17,0.023754029410738245,1.1248686461150466,0.0,0.033799192045084026
164,2034,11,19,3.1730362057635645E18,0.027100775016761263,1.1444441179877964,0.0,0.03879351102915833
165,2034,11,19,3.0688222562761073E18,0.01605864966080174,1.0831787902132863,0.0,0.022646876264734047
175,2034,11,19,2.797545246119503E18,0.03099526907896947,1.165995129292609,0.0,0.04431513024718204
160,2035,11,16,5.096996787781837E17,0.026596621328990926,1.1427314892078664,0.0,0.03775574465316913
176,2035,11,16,4.898742477016446E18,0.0194991197316374,1.1027348794990375,0.0,0.027470102536657753
167,2035,11,16,8.507560024639921E18,0.01864068416109874,1.0976138486503975,0.0,0.026330104197620618
161,2035,11,17,6.307363977605812E18,0.02304815163927685,1.12163038365207,0.0,0.03273987455034649
164,2035,11,17,3.1730362057635645E18,0.025566726507067237,1.1362382962223712,0.0,0.0360769501096515
177,2035,11,17,4.974214387304059E17,0.017885227230833287,1.0936488352166784,0.0,0.02513170356331315
168,2035,11,17,5.859174576972996E18,0.019537150199656746,1.102141225795958,0.0,0.027541321597926476
169,2035,11,17,1.481964993321812E18,0.01653987006686455,1.0859156355562714,0.0,0.023340148572570767
162,2035,11,18,8.834479670273441E18,0.0254640495318317,1.1350350390409818,0.0,0.035924605332349896
163,2035,11,18,6.605295447056412E18,0.01835569890627831,1.096348128319974,0.0,0.025704626222057585
165,2035,11,18,3.0688222562761073E18,0.014758621249479707,1.0759949827841837,0.0,0.020858440276109304
175,2035,11,18,2.797545246119503E18,0.02997195675971642,1.1626564538177195,0.0,0.0421187470743243
179,2035,11,18,8.617806463867117E18,0.018362631181854046,1.0964946827508042,0.0,0.025750776818283416
170,2035,11,18,2.9539370702862316E18,0.02207847152061337,1.1158719601601652,0.0,0.031345160204444035
174,2035,11,18,4.281117921937587E18,0.016136202460784493,1.0835193589417946,0.0,0.022897601945166556
166,2035,11,19,4.898224502314156E18,0.019722688303720422,1.1037236676078066,0.0,0.027767161187662773
178,2035,11,19,7.278710821350941E18,0.023808442946236786,1.1252367306837419,0.0,0.03372467881967861
171,2035,11,19,6.492828447697523E18,0.02229863222670227,1.1173479562679958,0.0,0.031728540970586486
172,2035,11,19,1.0005304447219302E18,0.01727264918519336,1.0896841583502352,0.0,0.02431550844898837
179,2036,11,15,8.617806463867117E18,0.02012200554243392,1.1046549786303144,0.0,0.0289948792323183
167,2036,11,15,8.507560024639921E18,0.01792694750807458,1.0939557665571762,0.0,0.025276103104322562
160,2036,11,16,5.096996787781837E17,0.02540188589716166,1.1355678411182206,0.0,0.03573082862746441
164,2036,11,16,3.1730362057635645E18,0.0244684212925874,1.129582957004071,0.0,0.03477109432389651
165,2036,11,16,3.0688222562761073E18,0.01718500956185321,1.0897297001080861,0.0,0.02428648166378764
166,2036,11,16,4.898224502314156E18,0.019514976685452077,1.1018136769855795,0.0,0.027588189904067688
176,2036,11,16,4.898742477016446E18,0.0179082281236042,1.0931188912434742,0.0,0.025296574492364485
177,2036,11,16,4.974214387304059E17,0.01857251716635827,1.096963755817614,0.0,0.026116321185755395
168,2036,11,16,5.859174576972996E18,0.02143768424198133,1.11365460328986,0.0,0.030043568194295336
169,2036,11,16,1.481964993321812E18,0.01958771628308656,1.101898660141797,0.0,0.02794008772391688
170,2036,11,16,2.9539370702862316E18,0.021761471584909767,1.115003041839482,0.0,0.03041406388665305
161,2036,11,17,6.307363977605812E18,0.02231981864683993,1.1182810631350202,0.0,0.03146896280069933
162,2036,11,17,8.834479670273441E18,0.02251662725899724,1.1190990985138576,0.0,0.031646408472621464
163,2036,11,17,6.605295447056412E18,0.017674585489862844,1.092532190657777,0.0,0.024725057444615697
175,2036,11,17,2.797545246119503E18,0.031630754291038024,1.1718604868562985,0.0,0.04446358579935806
178,2036,11,17,7.278710821350941E18,0.025003179605434155,1.1321030318629082,0.0,0.03547669538078684
171,2036,11,17,6.492828447697523E18,0.021316897438057675,1.1137082386895865,0.0,0.02987418739237515
172,2036,11,17,1.0005304447219302E18,0.01930381699238034,1.1012125781861308,0.0,0.0272631752314336
174,2036,11,18,4.281117921937587E18,0.01629156372395529,1.0840616333137447,0.0,0.023110798787498558
161,2037,11,16,6.307363977605812E18,0.021625456016524693,1.1140611938589224,0.0,0.030509026569457625
163,2037,11,16,6.605295447056412E18,0.01796276870303644,1.0939105607538766,0.0,0.02539110800858943
165,2037,11,16,3.0688222562761073E18,0.019067357039358614,1.0991867391796104,0.0,0.027154897501625374
166,2037,11,16,4.898224502314156E18,0.017606906466123465,1.091532995642525,0.0,0.02488990794180764
175,2037,11,16,2.797545246119503E18,0.03131970081179976,1.1689192992700699,0.0,0.044257746808969566
160,2037,11,17,5.096996787781837E17,0.02531207310140932,1.134220237620602,0.0,0.035622624336429674
162,2037,11,17,8.834479670273441E18,0.02514233777527222,1.133212773088386,0.0,0.03560410404478301
176,2037,11,17,4.898742477016446E18,0.018647188777964306,1.097570770300968,0.0,0.026322428676487698
177,2037,11,17,4.974214387304059E17,0.0190507341354847,1.0993598832242628,0.0,0.026867256467707372
179,2037,11,17,8.617806463867117E18,0.01685428140314935,1.087520268732555,0.0,0.023741585574526044
167,2037,11,17,8.507560024639921E18,0.01816778260460868,1.0938403534790044,0.0,0.025879863295056284
168,2037,11,17,5.859174576972996E18,0.01878515901112722,1.0989632106091112,0.0,0.026323663341511892
172,2037,11,17,1.0005304447219302E18,0.022475390311890515,1.1182321807503652,0.0,0.03185775299733492
164,2037,11,18,3.1730362057635645E18,0.026497168498498837,1.142646547412557,0.0,0.03721449089760118
178,2037,11,18,7.278710821350941E18,0.023771722188239124,1.1250978574711241,0.0,0.033853759281269026
169,2037,11,18,1.481964993321812E18,0.018014627283616563,1.0934946469277598,0.0,0.025444237331367556
170,2037,11,18,2.9539370702862316E18,0.02171461330321692,1.1144773211965118,0.0,0.030517542576506886
171,2037,11,18,6.492828447697523E18,0.02200994447487781,1.1169450779021837,0.0,0.030819016766873278
174,2037,11,18,4.281117921937587E18,0.016486599897031006,1.0854442813397027,0.0,0.023335755298125677
161,2038,11,16,6.307363977605812E18,0.021452055938013623,1.113466120987766,0.0,0.030198903329759635
165,2038,11,16,3.0688222562761073E18,0.016794720482762125,1.0872380154373908,0.0,0.02376059165019901
166,2038,11,16,4.898224502314156E18,0.019171456233935638,1.1009406368625745,0.0,0.02664884858813514
175,2038,11,16,2.797545246119503E18,0.034665779343693866,1.1891185080527344,0.0,0.049525744118188705
177,2038,11,16,4.974214387304059E17,0.019093869161401728,1.1005014936917557,0.0,0.026892535265567435
160,2038,11,17,5.096996787781837E17,0.02410988053412675,1.1269775782777849,0.0,0.03401279337469509
163,2038,11,17,6.605295447056412E18,0.01707122120070247,1.0881087274068153,0.0,0.024313858380814103
179,2038,11,17,8.617806463867117E18,0.017825346927373423,1.0926486747450328,0.0,0.025256526550557355
170,2038,11,17,2.9539370702862316E18,0.023102717785722576,1.1226985843455672,0.0,0.03243792470965096
171,2038,11,17,6.492828447697523E18,0.022779060405946128,1.1197935342014624,0.0,0.032272668270732385
172,2038,11,17,1.0005304447219302E18,0.022324060680041197,1.11982818896002,0.0,0.031459581340646206
174,2038,11,17,4.281117921937587E18,0.015270896757251153,1.079365152562089,0.0,0.021534141339707286
162,2038,11,18,8.834479670273441E18,0.022942090222432064,1.1213630834995159,0.0,0.03228966221449525
164,2038,11,18,3.1730362057635645E18,0.027323371182789716,1.145415782419926,0.0,0.03890658756009029
176,2038,11,18,4.898742477016446E18,0.019538635414527373,1.1028694446618441,0.0,0.027541281395460852
178,2038,11,18,7.278710821350941E18,0.024774553001876764,1.1309447967269048,0.0,0.03506911178234769
167,2038,11,18,8.507560024639921E18,0.01920688662830457,1.0996640254382888,0.0,0.02743065204122587
168,2038,11,18,5.859174576972996E18,0.019986662559987076,1.104500292919261,0.0,0.028247666654809957
169,2038,11,18,1.481964993321812E18,0.01854020505941471,1.0973263759010154,0.0,0.025862024973142137
161,2039,11,16,6.307363977605812E18,0.022964248788136025,1.1214782263531993,0.0,0.03249985870461328
166,2039,11,16,4.898224502314156E18,0.01969667799706751,1.1033304485972042,0.0,0.027701615910808396
178,2039,11,16,7.278710821350941E18,0.026254291061079488,1.140034022154431,0.0,0.0370699539815378
163,2039,11,17,6.605295447056412E18,0.01971837305025066,1.1031458007260726,0.0,0.02795351822368552
164,2039,11,17,3.1730362057635645E18,0.02891621487839633,1.1550520096817092,0.0,0.04077074009998878
165,2039,11,17,3.0688222562761073E18,0.018962887791858916,1.0988842429868442,0.0,0.02689067383548084
176,2039,11,17,4.898742477016446E18,0.018796138089704272,1.0981855607689524,0.0,0.026529725182432157
179,2039,11,17,8.617806463867117E18,0.019214262574020206,1.0999956317899673,0.0,0.027286837779412588
168,2039,11,17,5.859174576972996E18,0.01928689056211154,1.1010128363315907,0.0,0.027224002808492288
169,2039,11,17,1.481964993321812E18,0.018852115132594806,1.098429332334008,0.0,0.026729157585975452
171,2039,11,17,6.492828447697523E18,0.023968019506940413,1.127766400983688,0.0,0.03374770893460458
172,2039,11,17,1.0005304447219302E18,0.02081611513941594,1.1094101446872886,0.0,0.029502955495613
160,2039,11,18,5.096996787781837E17,0.027141979486496336,1.1442802297371106,0.0,0.03860284961733632
162,2039,11,18,8.834479670273441E18,0.021698933831991653,1.1141439104691966,0.0,0.030658819712341186
175,2039,11,18,2.797545246119503E18,0.02983528195633987,1.1601826133464013,0.0,0.04229672648441312
167,2039,11,18,8.507560024639921E18,0.017814280245811658,1.093670506922245,0.0,0.024938531227247696
170,2039,11,18,2.9539370702862316E18,0.022310543778679272,1.1171023647013691,0.0,0.031559660634815336
174,2039,11,18,4.281117921937587E18,0.013732993698851644,1.070945400823807,0.0,0.01929943283192441
177,2039,11,19,4.974214387304059E17,0.02081985074305701,1.1092146546310002,0.0,0.02948130113580171
160,2040,11,15,5.096996787781837E17,0.028109818627780062,1.1512006382085678,0.0,0.039397664992374196
161,2040,11,15,6.307363977605812E18,0.02027003000326898,1.1074108095646344,0.0,0.0284093322559622
162,2040,11,15,8.834479670273441E18,0.02353411205297335,1.1250302082741381,0.0,0.03313193550936193
164,2040,11,15,3.1730362057635645E18,0.028133184319817622,1.1514783748906627,0.0,0.03979088913200699
166,2040,11,15,4.898224502314156E18,0.016835817155117602,1.0877905950498223,0.0,0.023734744946770952
176,2040,11,15,4.898742477016446E18,0.01955758875809509,1.1025207907676213,0.0,0.02759986229268655
167,2040,11,15,8.507560024639921E18,0.020008877169457675,1.1043749406504313,0.0,0.02843040475750437
163,2040,11,16,6.605295447056412E18,0.019376011344052594,1.1015385952416488,0.0,0.027125083156225943
165,2040,11,16,3.0688222562761073E18,0.01756869725718745,1.0910263394646806,0.0,0.025081516327175972
175,2040,11,16,2.797545246119503E18,0.033256582209939524,1.1807285146479862,0.0,0.04696961530534623
177,2040,11,16,4.974214387304059E17,0.019971025714806395,1.104733694960521,0.0,0.028080013211969554
168,2040,11,16,5.859174576972996E18,0.021519098922645745,1.1123822466517956,0.0,0.030747919107748614
169,2040,11,16,1.481964993321812E18,0.0186382894005282,1.0964678858607484,0.0,0.026526659427341025
171,2040,11,16,6.492828447697523E18,0.022771094248486865,1.1213592360084588,0.0,0.03184948183755365
172,2040,11,16,1.0005304447219302E18,0.021812891359956673,1.1146797161384818,0.0,0.030838123860071245
178,2040,11,17,7.278710821350941E18,0.028020086042442733,1.1492306021287175,0.0,0.0398443677956858
179,2040,11,17,8.617806463867117E18,0.01913088467414914,1.1004478124364927,0.0,0.026828031572564894
170,2040,11,17,2.9539370702862316E18,0.025588947674605404,1.1367462486005386,0.0,0.036016239839734066
174,2040,11,17,4.281117921937587E18,0.015018563346054163,1.078096589779572,0.0,0.021032071992385718
167,2041,11,15,8.507560024639921E18,0.01965521859130174,1.1028603132838828,0.0,0.02786985365658516
161,2041,11,16,6.307363977605812E18,0.02009413489032076,1.1062252392066354,0.0,0.028313858377086727
163,2041,11,16,6.605295447056412E18,0.020502286607609256,1.1081889318789608,0.0,0.029008444579726653
177,2041,11,16,4.974214387304059E17,0.019375730953653376,1.1005037630120467,0.0,0.027521286919396842
179,2041,11,16,8.617806463867117E18,0.02010826809033889,1.1048587023495855,0.0,0.028759229542044944
169,2041,11,16,1.481964993321812E18,0.015632424091565175,1.0817371595673373,0.0,0.021855652933985163
170,2041,11,16,2.9539370702862316E18,0.02404572790292726,1.1284745874026758,0.0,0.0337414983594897
172,2041,11,16,1.0005304447219302E18,0.022392837292791064,1.1195494031407385,0.0,0.031185352385374832
160,2041,11,17,5.096996787781837E17,0.027287218345571088,1.145830638056552,0.0,0.03865247147097303
162,2041,11,17,8.834479670273441E18,0.021921560214449916,1.115438751180687,0.0,0.030976874837107378
165,2041,11,17,3.0688222562761073E18,0.01909602111259096,1.0991376202270333,0.0,0.027125682644151803
166,2041,11,17,4.898224502314156E18,0.019389768820182535,1.1014223524537787,0.0,0.027379599009705945
178,2041,11,17,7.278710821350941E18,0.02374167200201339,1.1264849346436885,0.0,0.033372576524663876
168,2041,11,17,5.859174576972996E18,0.024279427350121417,1.1293155733395546,0.0,0.03418674066863379
171,2041,11,17,6.492828447697523E18,0.027573563680465804,1.147974362860051,0.0,0.03881129045433413
164,2041,11,18,3.1730362057635645E18,0.025031136231739783,1.132597389380047,0.0,0.03545465631558169
175,2041,11,18,2.797545246119503E18,0.028137148972433815,1.150244469579154,0.0,0.0396290389120345
176,2041,11,18,4.898742477016446E18,0.018150208312935942,1.09483510674236,0.0,0.025614535274965326
174,2041,11,18,4.281117921937587E18,0.013231507550306417,1.0683411788691122,0.0,0.018641719222154907
161,2042,11,16,6.307363977605812E18,0.021081578457631478,1.111256261937843,0.0,0.029772226559991292
164,2042,11,16,3.1730362057635645E18,0.03402249326023315,1.1837273121666925,0.0,0.04851265079705252
165,2042,11,16,3.0688222562761073E18,0.019541270418005692,1.1029263040294928,0.0,0.027505818502684454
178,2042,11,16,7.278710821350941E18,0.024521031339933247,1.1289219883253698,0.0,0.03483181082429079
167,2042,11,16,8.507560024639921E18,0.020061993791352567,1.1050023524302799,0.0,0.028513380914721272
168,2042,11,16,5.859174576972996E18,0.021168136935454482,1.112022902367808,0.0,0.02963010796583825
172,2042,11,16,1.0005304447219302E18,0.02078735796813559,1.1098737613585308,0.0,0.02904386522093119
162,2042,11,17,8.834479670273441E18,0.023711779346940524,1.1258535366041649,0.0,0.033484186064672294
163,2042,11,17,6.605295447056412E18,0.01761799242759884,1.0914679812808084,0.0,0.024894194219711185
166,2042,11,17,4.898224502314156E18,0.020163391944513564,1.1051226114466792,0.0,0.028587963958090837
175,2042,11,17,2.797545246119503E18,0.036495832550889555,1.1984588288984568,0.0,0.052063539467107116
176,2042,11,17,4.898742477016446E18,0.01861689891983583,1.0971254023954655,0.0,0.026422796760665567
177,2042,11,17,4.974214387304059E17,0.018802468456035913,1.09811209344989,0.0,0.026590939161767125
179,2042,11,17,8.617806463867117E18,0.019262292468763622,1.1000465517918228,0.0,0.02729035597297723
169,2042,11,17,1.481964993321812E18,0.01710169145874392,1.087634695298374,0.0,0.024539592765030847
170,2042,11,17,2.9539370702862316E18,0.02264450269924754,1.1197780425458839,0.0,0.03180153036092519
171,2042,11,17,6.492828447697523E18,0.02574797454712763,1.1366031180996004,0.0,0.03643336551440095
174,2042,11,17,4.281117921937587E18,0.013647434245126818,1.0702990572533952,0.0,0.019335063668752036
160,2042,11,18,5.096996787781837E17,0.03384633051192884,1.1856116692135532,0.0,0.04718267304924282
163,2043,11,15,6.605295447056412E18,0.022193295087025985,1.1172474868606372,0.0,0.03141247446660097
170,2043,11,15,2.9539370702862316E18,0.02777118148354046,1.1492630777421886,0.0,0.03909222458292225
160,2043,11,16,5.096996787781837E17,0.04119370047171277,1.229596074019619,0.0,0.05817221522119962
161,2043,11,16,6.307363977605812E18,0.020204443296392018,1.1069776210330906,0.0,0.02827138041628311
165,2043,11,16,3.0688222562761073E18,0.018316230265629427,1.095024103077083,0.0,0.025852809279631853
176,2043,11,16,4.898742477016446E18,0.02010982285988858,1.1063090911266384,0.0,0.02828537926995169
178,2043,11,16,7.278710821350941E18,0.027098769063340338,1.1449115010216075,0.0,0.03810545699324589
167,2043,11,16,8.507560024639921E18,0.018440523318311152,1.0963810366597169,0.0,0.026011838881831083
164,2043,11,17,3.1730362057635645E18,0.03178337449064412,1.1721188548266117,0.0,0.04519046625835246
166,2043,11,17,4.898224502314156E18,0.021160508024428135,1.1116253746445228,0.0,0.029859794691962267
175,2043,11,17,2.797545246119503E18,0.032899242648938024,1.177686580165571,0.0,0.04659784562316717
177,2043,11,17,4.974214387304059E17,0.019742482579226433,1.1033814678852212,0.0,0.027725602934578025
179,2043,11,17,8.617806463867117E18,0.01653597507395917,1.0860380607751987,0.0,0.02328226077053822
168,2043,11,17,5.859174576972996E18,0.023603848708116854,1.1245364109887697,0.0,0.033297388237272456
169,2043,11,17,1.481964993321812E18,0.015566466497850958,1.0802658705078736,0.0,0.021998125010804014
171,2043,11,17,6.492828447697523E18,0.02534376630612952,1.135010294327127,0.0,0.035789210533622294
172,2043,11,17,1.0005304447219302E18,0.02351834922889374,1.1257504134372869,0.0,0.03272372716316394
174,2043,11,17,4.281117921937587E18,0.015467300064524903,1.080231458553295,0.0,0.021798595703987855
162,2043,11,18,8.834479670273441E18,0.024967092790213335,1.1318406260921385,0.0,0.035356593102172186
174,2044,11,14,4.281117921937587E18,0.014946497064815047,1.0774384208556993,0.0,0.021153843598889416
160,2044,11,15,5.096996787781837E17,0.03296093364330153,1.178142336242231,0.0,0.04675772898678282
162,2044,11,15,8.834479670273441E18,0.026613733586759173,1.142571022677493,0.0,0.03739833224259235
165,2044,11,15,3.0688222562761073E18,0.019770184418217786,1.1033311363381477,0.0,0.027952252810047252
166,2044,11,15,4.898224502314156E18,0.023095120624242935,1.1216474828520342,0.0,0.03266881304368147
175,2044,11,15,2.797545246119503E18,0.03510669619621595,1.1924531845019557,0.0,0.04952592666827374
176,2044,11,15,4.898742477016446E18,0.01756749336744294,1.0916612415946108,0.0,0.02473370565515311
178,2044,11,15,7.278710821350941E18,0.025669235925968557,1.1368209743166235,0.0,0.035982764190872735
179,2044,11,15,8.617806463867117E18,0.019038118861662276,1.099507313348559,0.0,0.027087178603453495
172,2044,11,15,1.0005304447219302E18,0.025289265440212847,1.1347054118263025,0.0,0.03585530948387266
161,2044,11,16,6.307363977605812E18,0.023117872665316008,1.1216226359001595,0.0,0.03279236053009656
163,2044,11,16,6.605295447056412E18,0.01813924274259887,1.0941516893412997,0.0,0.025595440925266225
177,2044,11,16,4.974214387304059E17,0.0184690503656989,1.0961077792369336,0.0,0.02604058903987232
167,2044,11,16,8.507560024639921E18,0.019439409750413632,1.1015921854026656,0.0,0.027328813606920604
168,2044,11,16,5.859174576972996E18,0.025939853116580258,1.138344819948852,0.0,0.03663917370661597
169,2044,11,16,1.481964993321812E18,0.016456280316976223,1.0849182815484677,0.0,0.02331548147720752
170,2044,11,16,2.9539370702862316E18,0.02489726786987252,1.1316269531708816,0.0,0.03530361347783733
164,2044,11,17,3.1730362057635645E18,0.03227449834143181,1.1754283758602688,0.0,0.04551165170110972
171,2044,11,17,6.492828447697523E18,0.025429055505540202,1.136197919008984,0.0,0.0359047070373724
164,2045,11,15,3.1730362057635645E18,0.036597688926474324,1.2013828570238185,0.0,0.051492455804185405
176,2045,11,15,4.898742477016446E18,0.018188903611025268,1.0943069295655117,0.0,0.025737502742557337
160,2045,11,16,5.096996787781837E17,0.03449148549255727,1.1880811754303549,0.0,0.04869073531860921
161,2045,11,16,6.307363977605812E18,0.023427979390816298,1.1245628799742482,0.0,0.032933459920450596
163,2045,11,16,6.605295447056412E18,0.019081610031097124,1.1008182520145373,0.0,0.02665079476096596
165,2045,11,16,3.0688222562761073E18,0.01962375087074266,1.102651907012743,0.0,0.027912817012356993
177,2045,11,16,4.974214387304059E17,0.020295255721630257,1.1060868899747807,0.0,0.028810543419354764
179,2045,11,16,8.617806463867117E18,0.019662373875216774,1.1034716828074638,0.0,0.027817854226793847
167,2045,11,16,8.507560024639921E18,0.018413596300160207,1.0956179259910146,0.0,0.026158761051269824
170,2045,11,16,2.9539370702862316E18,0.021935602759694545,1.1161129056668893,0.0,0.03086918885426813
171,2045,11,16,6.492828447697523E18,0.027532902421843197,1.1473690914416876,0.0,0.03911603049671103
162,2045,11,17,8.834479670273441E18,0.023458480020556817,1.123895205130546,0.0,0.03320976159810592
166,2045,11,17,4.898224502314156E18,0.02185524410949356,1.1148720829674406,0.0,0.031143151345463582
175,2045,11,17,2.797545246119503E18,0.03385936740168497,1.184931353997895,0.0,0.04764970260834717
178,2045,11,17,7.278710821350941E18,0.027072549650823053,1.1455213388930952,0.0,0.03808607842167262
168,2045,11,17,5.859174576972996E18,0.0268033111155043,1.1419831208987103,0.0,0.037972037659412684
169,2045,11,17,1.481964993321812E18,0.01671315629395306,1.0869243805139304,0.0,0.023593846193179155
172,2045,11,17,1.0005304447219302E18,0.020456372016849193,1.107706029526909,0.0,0.02867175379225025
174,2045,11,17,4.281117921937587E18,0.013583170670774448,1.0699119303563562,0.0,0.0192699828384493
165,2046,11,15,3.0688222562761073E18,0.020087770241072313,1.1055543901293385,0.0,0.028419819786208455
168,2046,11,15,5.859174576972996E18,0.0268959223094162,1.1440524616668262,0.0,0.038041906836052665
171,2046,11,15,6.492828447697523E18,0.028998508211016245,1.155930197603682,0.0,0.04117733457655908
174,2046,11,15,4.281117921937587E18,0.015889623802094768,1.082342306209625,0.0,0.02243699270130631
162,2046,11,16,8.834479670273441E18,0.024446432801143954,1.129317613477107,0.0,0.034525822878438875
164,2046,11,16,3.1730362057635645E18,0.039073019978149395,1.2165420377117162,0.0,0.054976334171873684
166,2046,11,16,4.898224502314156E18,0.019800952341694735,1.1041105959677764,0.0,0.027566329947077934
176,2046,11,16,4.898742477016446E18,0.017883425409853146,1.092917749787814,0.0,0.025290041184141028
178,2046,11,16,7.278710821350941E18,0.023994979959882107,1.127430643303863,0.0,0.03365617809243263
161,2046,11,17,6.307363977605812E18,0.026190549912551073,1.1390879561196265,0.0,0.037059120540450775
163,2046,11,17,6.605295447056412E18,0.02066827277368728,1.1084017734706262,0.0,0.0292028140695464
175,2046,11,17,2.797545246119503E18,0.03656804145127523,1.199926246857979,0.0,0.05171975687951352
179,2046,11,17,8.617806463867117E18,0.017335385826860845,1.0906037576911567,0.0,0.024516079224733006
167,2046,11,17,8.507560024639921E18,0.019487672314820185,1.102013747519872,0.0,0.02754658266686105
169,2046,11,17,1.481964993321812E18,0.015414068349729316,1.0797953195304977,0.0,0.021705534168596857
170,2046,11,17,2.9539370702862316E18,0.025228291140816532,1.1330800901415474,0.0,0.03602040172746338
172,2046,11,17,1.0005304447219302E18,0.02177843023714011,1.1147487218331706,0.0,0.030832937803905055
160,2046,11,18,5.096996787781837E17,0.04921441368833558,1.2833359619406914,0.0,0.06941204615353928
177,2046,11,18,4.974214387304059E17,0.019906849029429415,1.10436640327188,0.0,0.028149210082599137
175,2047,11,15,2.797545246119503E18,0.03767629977395396,1.205677374768915,0.0,0.053511575383297885
177,2047,11,15,4.974214387304059E17,0.021461547708630645,1.1129102093754524,0.0,0.030336465380154626
161,2047,11,16,6.307363977605812E18,0.02477017698065994,1.1306693661542073,0.0,0.035164302747294054
163,2047,11,16,6.605295447056412E18,0.019128756274223294,1.0999250899173045,0.0,0.027032275672967534
178,2047,11,16,7.278710821350941E18,0.02346427317182255,1.1246646328577266,0.0,0.03296325323078198
179,2047,11,16,8.617806463867117E18,0.01789233452505241,1.0935888998967174,0.0,0.025099165635787006
167,2047,11,16,8.507560024639921E18,0.016574935280599865,1.0858388508507362,0.0,0.02349267396633678
168,2047,11,16,5.859174576972996E18,0.024518214835367185,1.130475053889151,0.0,0.034452692674214476
169,2047,11,16,1.481964993321812E18,0.016816086914446277,1.087185239722096,0.0,0.023766036170209563
170,2047,11,16,2.9539370702862316E18,0.0256397745896542,1.1363866468532644,0.0,0.036215664584459295
171,2047,11,16,6.492828447697523E18,0.029146773709189586,1.156556799181591,0.0,0.04108428413045444
172,2047,11,16,1.0005304447219302E18,0.02161575535123914,1.1132721514468584,0.0,0.030588096984662586
174,2047,11,16,4.281117921937587E18,0.013875704299477218,1.0714289991700592,0.0,0.019517102985723737
160,2047,11,17,5.096996787781837E17,0.04023659120754928,1.2228149737491554,0.0,0.056370283078136796
162,2047,11,17,8.834479670273441E18,0.023724012688722176,1.1256296410839,0.0,0.033362451344832615
164,2047,11,17,3.1730362057635645E18,0.02959714771518143,1.1593806342338806,0.0,0.04168722671269919
165,2047,11,17,3.0688222562761073E18,0.021699734951349192,1.1148339568479881,0.0,0.030523965540406324
166,2047,11,17,4.898224502314156E18,0.021574702213671405,1.1134698854271687,0.0,0.03038119359669088
176,2047,11,17,4.898742477016446E18,0.016024279780906172,1.0830866185700494,0.0,0.022451365846400968
175,2048,11,13,2.797545246119503E18,0.03767072578179254,1.2049649652975372,0.0,0.053499455236223695
160,2048,11,14,5.096996787781837E17,0.04075853510389451,1.2259445816735302,0.0,0.0577660798121979
168,2048,11,14,5.859174576972996E18,0.020962938736285713,1.1098884213820663,0.0,0.029556705527879465
161,2048,11,15,6.307363977605812E18,0.02703108407391058,1.1446048787795473,0.0,0.037976998972544494
162,2048,11,15,8.834479670273441E18,0.023956524562135,1.1261456308061324,0.0,0.03401405894480382
163,2048,11,15,6.605295447056412E18,0.01779108509221698,1.0927652809616273,0.0,0.024975764578533247
164,2048,11,15,3.1730362057635645E18,0.03878853810496293,1.2154886283103576,0.0,0.05495415498402705
166,2048,11,15,4.898224502314156E18,0.021350842560794638,1.1127574963185969,0.0,0.030080990760636823
176,2048,11,15,4.898742477016446E18,0.018129388616977424,1.0940306792984484,0.0,0.02583220609001062
179,2048,11,15,8.617806463867117E18,0.017420170547017735,1.0903659925901952,0.0,0.024631748246113878
169,2048,11,15,1.481964993321812E18,0.016835395074632862,1.0878477497490016,0.0,0.023666160522836155
170,2048,11,15,2.9539370702862316E18,0.02286018668718064,1.1212626700572148,0.0,0.032257180954706366
171,2048,11,15,6.492828447697523E18,0.030075701974032438,1.1622669427400578,0.0,0.04202505888371518
174,2048,11,15,4.281117921937587E18,0.015083925193148794,1.0786225447848499,0.0,0.02108739286651662
165,2048,11,16,3.0688222562761073E18,0.022158442594864762,1.117768743039354,0.0,0.0310654022304175
177,2048,11,16,4.974214387304059E17,0.01950730216763739,1.1021455056812517,0.0,0.027613484607666165
178,2048,11,16,7.278710821350941E18,0.024948267177562218,1.1331489637027543,0.0,0.03502864433245923
167,2048,11,16,8.507560024639921E18,0.01981186180492075,1.103335851937139,0.0,0.028054993790742312
172,2048,11,16,1.0005304447219302E18,0.019338914685622852,1.1014595898198234,0.0,0.027120139372538227
160,2049,11,14,5.096996787781837E17,0.037514735084202895,1.2062938665623348,0.0,0.05291636717230029
179,2049,11,14,8.617806463867117E18,0.019392476843682286,1.1023095097632776,0.0,0.02725446111127237
170,2049,11,14,2.9539370702862316E18,0.02083429850004443,1.110017202793425,0.0,0.02933445474738034
164,2049,11,15,3.1730362057635645E18,0.03953466779333832,1.2178384090286334,0.0,0.056156301812104036
165,2049,11,15,3.0688222562761073E18,0.021759981471337893,1.1148764465622214,0.0,0.03062616663013412
166,2049,11,15,4.898224502314156E18,0.020981891577675722,1.1108532443745398,0.0,0.02953470758778715
177,2049,11,15,4.974214387304059E17,0.019163405897180345,1.1009405388937097,0.0,0.026843102231399296
161,2049,11,16,6.307363977605812E18,0.03068875916021548,1.1659193965725674,0.0,0.04324361866865872
162,2049,11,16,8.834479670273441E18,0.02187058500444759,1.1152659812421484,0.0,0.030787954266316166
163,2049,11,16,6.605295447056412E18,0.016442744515717974,1.085799160468999,0.0,0.023052456486615757
175,2049,11,16,2.797545246119503E18,0.04054342696283367,1.224855861737862,0.0,0.056730616962874084
178,2049,11,16,7.278710821350941E18,0.028169839991299114,1.152678653762626,0.0,0.03923788541230112
167,2049,11,16,8.507560024639921E18,0.02138447272255252,1.1133886987129331,0.0,0.02987604535217359
168,2049,11,16,5.859174576972996E18,0.019173890232922104,1.1003315651446732,0.0,0.026808861798637895
169,2049,11,16,1.481964993321812E18,0.017254247108168544,1.0899380982531894,0.0,0.024316346636283053
171,2049,11,16,6.492828447697523E18,0.030381715645143033,1.1655065797204471,0.0,0.04242278466653735
174,2049,11,16,4.281117921937587E18,0.015318652627075827,1.0796401863419323,0.0,0.021581116710953325
176,2049,11,17,4.898742477016446E18,0.01582425371677915,1.0824258117287764,0.0,0.022153459961898065
172,2049,11,17,1.0005304447219302E18,0.02005665215387272,1.1055538955849655,0.0,0.028140526388512537
174,2050,11,14,4.281117921937587E18,0.016155212955191307,1.0840504877331132,0.0,0.022733667327151763
165,2050,11,15,3.0688222562761073E18,0.024535006242322268,1.1297462131787663,0.0,0.034841085542981466
177,2050,11,15,4.974214387304059E17,0.021520421878392686,1.112548991970072,0.0,0.030755132424950257
169,2050,11,15,1.481964993321812E18,0.019069869206546648,1.099292509628151,0.0,0.027013001499429715
170,2050,11,15,2.9539370702862316E18,0.02262764467374321,1.1195028871462565,0.0,0.03185203773580663
171,2050,11,15,6.492828447697523E18,0.034127618137613586,1.1860131033582306,0.0,0.048140593332378315
160,2050,11,16,5.096996787781837E17,0.03694915069492703,1.2008243389802653,0.0,0.052815308021846155
161,2050,11,16,6.307363977605812E18,0.036459436787027746,1.2006504795121449,0.0,0.05141981622753709
162,2050,11,16,8.834479670273441E18,0.02409260279126069,1.1286879034548518,0.0,0.03373288876548903
163,2050,11,16,6.605295447056412E18,0.01946781785456929,1.1015236587835062,0.0,0.027471973171553508
164,2050,11,16,3.1730362057635645E18,0.032046365977157244,1.174367907680516,0.0,0.045056386407952086
166,2050,11,16,4.898224502314156E18,0.021290948906875183,1.112598728406642,0.0,0.02990549754632734
175,2050,11,16,2.797545246119503E18,0.047242514550803166,1.2644721966017036,0.0,0.06716055479983724
176,2050,11,16,4.898742477016446E18,0.019434162483509095,1.1015002618332803,0.0,0.02753880336349963
178,2050,11,16,7.278710821350941E18,0.03195037317416165,1.1724522445915995,0.0,0.04523751071881932
179,2050,11,16,8.617806463867117E18,0.0178514905840895,1.0929885308506515,0.0,0.025213354671461987
167,2050,11,16,8.507560024639921E18,0.023026688381405643,1.1205620855219063,0.0,0.03261743654168921
172,2050,11,16,1.0005304447219302E18,0.019083053869663302,1.1004870497577721,0.0,0.026844550263423257
168,2050,11,17,5.859174576972996E18,0.02193540240544626,1.1153216565336685,0.0,0.0308715073238158
