id,seed,protection_coefficient,max_soil_health,salinity_sensitivity_slope,salinity_sterility_threshold,sterility_penalty_rate,max_sterility_penalty,error_yield,fitness
0,1.276821374153433E18,0.6,0.85,0.3,9.5,0.01,0.4,0.07503768640977959,0.37518843204889796
1,1.276821374153433E18,0.3,0.75,0.3,9.2,0.05,0.4,0.18742267258710413,0.9371133629355206
2,1.276821374153433E18,0.3,0.75,0.5,3.9,0.02,0.25,0.1847685992238415,0.9238429961192075
3,1.276821374153433E18,0.2,0.9,0.3,4.1,0.08,0.25,0.1190568688902953,0.5952843444514765
4,1.276821374153433E18,0.3,0.8,0.1,6.8,0.08,0.45,0.1378785417055754,0.689392708527877
5,1.276821374153433E18,0.4,0.75,0.15,5.7,0.035,0.2,0.14136404872993572,0.7068202436496785
6,1.276821374153433E18,0.6,0.9,0.3,2.2,0.025,0.15,0.09870780925563473,0.49353904627817363
7,1.276821374153433E18,0.3,0.8,0.1,3.5,0.02,0.45,0.13506157754685735,0.6753078877342867
8,1.276821374153433E18,0.4,0.85,0.45,9.7,0.095,0.15,0.04865663480917798,0.2432831740458899
9,1.276821374153433E18,0.5,0.85,0.5,2.3,0.095,0.25,0.061518078365493785,0.30759039182746895
10,1.276821374153433E18,0.3,0.7,0.3,8.9,0.07,0.5,0.24911495341373474,1.2455747670686736
11,1.276821374153433E18,0.45,0.8,0.35,4.2,0.07,0.35,0.09657567142749987,0.4828783571374994
12,1.276821374153433E18,0.2,0.85,0.35,2.4,0.01,0.1,0.10935221764955871,0.5467610882477936
13,1.276821374153433E18,0.4,0.85,0.3,9.1,0.045,0.45,0.08770978613118208,0.4385489306559104
14,1.276821374153433E18,0.6,0.85,0.1,4.3,0.05,0.4,0.07503768640977959,0.37518843204889796
15,1.276821374153433E18,0.6,1.0,0.35,8.7,0.095,0.5,0.1987987748338893,0.9939938741694465
16,1.276821374153433E18,0.4,0.7,0.4,5.6,0.005,0.1,0.19742245123621044,0.9871122561810521
17,1.276821374153433E18,0.45,1.0,0.35,5.8,0.1,0.15,0.17033900972369237,0.8516950486184618
18,1.276821374153433E18,0.7,1.0,0.2,6.2,0.085,0.25,0.1987987748338893,0.9939938741694465
19,1.276821374153433E18,0.6,0.8,0.3,3.4,0.02,0.25,0.09328593727715902,0.4664296863857951
20,1.276821374153433E18,0.6,0.9,0.3,2.2,0.01,0.4,0.09870780925563473,0.49353904627817363
21,1.276821374153433E18,0.45,0.8,0.35,4.2,0.05,0.4,0.10143254386978723,0.5071627193489361
22,1.276821374153433E18,0.6,0.85,0.1,4.3,0.07,0.35,0.07503768640977959,0.37518843204889796
23,1.276821374153433E18,0.6,0.85,0.3,9.5,0.025,0.15,0.07503768640977959,0.37518843204889796
24,1.276821374153433E18,0.5,0.85,0.5,3.4,0.095,0.25,0.0695340873721678,0.34767043686083904
25,1.276821374153433E18,0.6,0.8,0.1,4.3,0.05,0.4,0.09328593727715902,0.4664296863857951
26,1.276821374153433E18,0.4,0.85,0.1,4.3,0.05,0.4,0.0687901506560619,0.34395075328030944
27,1.276821374153433E18,0.5,0.85,0.1,4.3,0.05,0.4,0.06945760166826535,0.3472880083413268
28,1.276821374153433E18,0.6,0.85,0.45,9.7,0.095,0.15,0.07503768640977959,0.37518843204889796
29,1.276821374153433E18,0.6,0.85,0.5,2.3,0.095,0.25,0.07503768640977959,0.37518843204889796
30,1.276821374153433E18,0.6,0.85,0.3,3.4,0.02,0.25,0.07503768640977959,0.37518843204889796
31,1.276821374153433E18,0.6,0.85,0.3,9.5,0.01,0.15,0.07503768640977959,0.37518843204889796
32,1.276821374153433E18,0.6,0.85,0.3,3.4,0.015,0.25,0.07503768640977959,0.37518843204889796
33,1.276821374153433E18,0.5,0.85,0.5,2.3,0.05,0.4,0.06400340268643202,0.3200170134321601
34,1.276821374153433E18,0.6,0.85,0.1,4.3,0.095,0.25,0.07503768640977959,0.37518843204889796
35,1.276821374153433E18,0.4,0.85,0.3,9.5,0.01,0.4,0.06582928940701709,0.32914644703508544
36,1.276821374153433E18,0.4,0.85,0.3,9.5,0.025,0.15,0.0450714250629074,0.225357125314537
37,1.276821374153433E18,0.5,0.85,0.5,3.4,0.05,0.4,0.06843090112002088,0.3421545056001044
38,1.276821374153433E18,0.4,0.85,0.1,4.3,0.095,0.25,0.04519193067837381,0.22595965339186902
39,1.276821374153433E18,0.4,0.85,0.45,3.4,0.095,0.25,0.05975620084270299,0.29878100421351494
40,1.276821374153433E18,0.5,0.85,0.5,9.7,0.095,0.15,0.07354204634186903,0.36771023170934514
41,1.276821374153433E18,0.6,0.85,0.1,3.4,0.095,0.25,0.07503768640977959,0.37518843204889796
42,1.276821374153433E18,0.6,0.85,0.5,3.4,0.095,0.25,0.07503768640977959,0.37518843204889796
43,1.276821374153433E18,0.4,0.85,0.3,9.5,0.095,0.15,0.0450714250629074,0.225357125314537
44,1.276821374153433E18,0.4,0.85,0.3,9.5,0.05,0.4,0.07749233024961537,0.38746165124807685
45,1.276821374153433E18,0.5,0.85,0.1,4.3,0.095,0.25,0.07071825002436088,0.3535912501218044
46,1.276821374153433E18,0.4,0.85,0.5,2.3,0.095,0.25,0.06238802560529972,0.3119401280264986
47,1.276821374153433E18,0.4,0.85,0.45,2.3,0.095,0.25,0.05975620084270299,0.29878100421351494
48,1.276821374153433E18,0.4,0.85,0.45,9.7,0.025,0.15,0.04865663480917798,0.2432831740458899
49,1.276821374153433E18,0.5,0.85,0.5,2.3,0.01,0.4,0.07143946395139728,0.3571973197569864
50,1.276821374153433E18,0.5,0.85,0.5,2.3,0.095,0.4,0.05960315899462988,0.2980157949731494
51,1.276821374153433E18,0.4,0.85,0.5,2.3,0.095,0.4,0.08945961089231567,0.4472980544615784
52,1.276821374153433E18,0.5,0.85,0.3,9.5,0.095,0.15,0.074136605406578,0.37068302703289
53,1.276821374153433E18,0.4,0.85,0.45,2.3,0.095,0.4,0.08692413812105117,0.4346206906052558
54,1.276821374153433E18,0.4,0.85,0.3,9.5,0.095,0.25,0.05218136327719414,0.2609068163859707
55,1.276821374153433E18,0.4,0.85,0.45,4.3,0.095,0.25,0.059458045980997784,0.29729022990498893
56,1.276821374153433E18,0.4,0.85,0.1,2.3,0.095,0.25,0.045231545116237996,0.22615772558119
57,1.276821374153433E18,0.5,0.85,0.5,2.3,0.025,0.15,0.068752510549427,0.343762552747135
58,1.276821374153433E18,0.4,1.0,0.45,3.4,0.095,0.25,0.15703462100617704,0.7851731050308852
59,1.276821374153433E18,0.5,0.85,0.5,4.3,0.095,0.25,0.06975108838028056,0.3487554419014028
60,1.276821374153433E18,0.4,0.85,0.45,9.5,0.095,0.25,0.059204303423982294,0.2960215171199115
61,1.276821374153433E18,0.4,0.85,0.1,3.4,0.095,0.25,0.045231545116237996,0.22615772558119
62,1.276821374153433E18,0.4,0.85,0.3,3.4,0.025,0.15,0.04469950254972403,0.22349751274862018
63,1.276821374153433E18,0.4,0.85,0.1,3.4,0.025,0.15,0.04466301290602355,0.22331506453011774
64,1.276821374153433E18,0.4,0.85,0.45,9.5,0.095,0.15,0.04865663480917798,0.2432831740458899
65,1.276821374153433E18,0.4,0.85,0.3,9.7,0.095,0.15,0.0450714250629074,0.225357125314537
66,1.276821374153433E18,0.4,0.85,0.3,3.4,0.095,0.25,0.05255324562237505,0.2627662281118753
67,1.276821374153433E18,0.4,0.85,0.1,9.5,0.095,0.15,0.045272711731650546,0.22636355865825272
68,1.276821374153433E18,0.55,0.85,0.1,2.3,0.095,0.25,0.07503768640977959,0.37518843204889796
69,1.276821374153433E18,0.4,0.85,0.1,4.3,0.095,0.15,0.044908820227697877,0.22454410113848938
70,1.276821374153433E18,0.4,0.85,0.1,4.3,0.025,0.15,0.044908820227697877,0.22454410113848938
71,1.276821374153433E18,0.4,0.85,0.1,3.4,0.095,0.15,0.04455245766454489,0.22276228832272443
72,1.276821374153433E18,0.4,0.85,0.3,3.4,0.095,0.15,0.04463418481349645,0.22317092406748226
73,1.276821374153433E18,0.4,0.85,0.25,9.5,0.025,0.15,0.044564854533256766,0.22282427266628382
74,1.276821374153433E18,0.65,0.85,0.3,3.4,0.095,0.15,0.07503768640977959,0.37518843204889796
75,1.276821374153433E18,0.4,0.85,0.3,4.3,0.095,0.15,0.04484746589025002,0.2242373294512501
76,1.276821374153433E18,0.4,0.85,0.3,4.3,0.025,0.15,0.04484746589025002,0.2242373294512501
77,1.276821374153433E18,0.4,0.85,0.1,3.3,0.095,0.15,0.04455245766454489,0.22276228832272443
78,1.276821374153433E18,0.4,0.85,0.3,3.3,0.095,0.15,0.04463418481349645,0.22317092406748226
79,1.276821374153433E18,0.4,0.85,0.1,9.5,0.025,0.15,0.045272711731650546,0.22636355865825272
80,1.276821374153433E18,0.4,0.85,0.25,3.4,0.025,0.15,0.04412851159488526,0.2206425579744263
81,1.276821374153433E18,0.4,0.85,0.3,3.3,0.025,0.15,0.04469950254972403,0.22349751274862018
82,1.276821374153433E18,0.4,0.85,0.25,9.5,0.095,0.15,0.044564854533256766,0.22282427266628382
83,1.276821374153433E18,0.4,0.85,0.1,3.3,0.025,0.15,0.04466301290602355,0.22331506453011774
84,1.276821374153433E18,0.4,0.7,0.1,3.4,0.095,0.15,0.19509928106996988,0.9754964053498494
85,1.276821374153433E18,0.4,0.85,0.1,3.4,0.02,0.15,0.04474274851838283,0.22371374259191415
86,1.276821374153433E18,0.4,0.85,0.25,3.4,0.095,0.15,0.04405099251465675,0.22025496257328375
87,1.276821374153433E18,0.4,0.8,0.25,9.5,0.095,0.15,0.08594131210650775,0.42970656053253875
88,1.276821374153433E18,0.4,0.85,0.2,3.4,0.025,0.15,0.04393034718336264,0.2196517359168132
89,1.276821374153433E18,0.4,0.85,0.25,3.4,0.085,0.15,0.04405099251465675,0.22025496257328375
90,1.276821374153433E18,0.4,0.85,0.2,3.4,0.095,0.15,0.04384101894775744,0.2192050947387872
91,1.276821374153433E18,0.4,0.85,0.25,3.3,0.095,0.15,0.04405099251465675,0.22025496257328375
92,1.276821374153433E18,0.4,0.85,0.25,3.3,0.095,0.25,0.05043807308057299,0.252190365402865
93,1.276821374153433E18,0.4,0.85,0.25,3.4,0.09,0.15,0.04405099251465675,0.22025496257328375
94,1.276821374153433E18,0.4,0.85,0.15,3.4,0.025,0.15,0.0441100343732052,0.22055017186602602
95,1.276821374153433E18,0.4,0.85,0.2,3.4,0.085,0.15,0.04384101894775744,0.2192050947387872
96,1.276821374153433E18,0.4,0.85,0.1,3.4,0.085,0.15,0.04455245766454489,0.22276228832272443
97,1.276821374153433E18,0.4,0.85,0.1,3.4,0.09,0.15,0.04455245766454489,0.22276228832272443
98,1.276821374153433E18,0.4,0.85,0.15,3.4,0.085,0.15,0.04400960641177331,0.22004803205886656
99,1.276821374153433E18,0.4,0.85,0.4,3.4,0.09,0.15,0.04685560818850031,0.23427804094250157
100,1.276821374153433E18,0.4,0.85,0.25,3.4,0.025,0.45,0.08319108897190039,0.415955444859502
101,1.276821374153433E18,0.4,0.85,0.15,3.4,0.095,0.15,0.04400960641177331,0.22004803205886656
102,1.276821374153433E18,0.4,0.85,0.25,3.3,0.025,0.15,0.04412851159488526,0.2206425579744263
103,1.276821374153433E18,0.55,0.85,0.2,3.4,0.025,0.15,0.07503768640977959,0.37518843204889796
104,1.276821374153433E18,0.4,0.85,0.15,3.4,0.06,0.15,0.04400960641177331,0.22004803205886656
105,1.276821374153433E18,0.4,0.85,0.2,3.3,0.095,0.15,0.04384101894775744,0.2192050947387872
106,1.276821374153433E18,0.4,0.85,0.25,3.3,0.085,0.15,0.04405099251465675,0.22025496257328375
107,1.276821374153433E18,0.4,0.85,0.2,3.3,0.08,0.15,0.04384101894775744,0.2192050947387872
108,1.276821374153433E18,0.4,0.85,0.15,3.4,0.08,0.15,0.04400960641177331,0.22004803205886656
109,1.276821374153433E18,0.4,0.85,0.2,3.4,0.06,0.15,0.04384101894775744,0.2192050947387872
110,1.276821374153433E18,0.4,0.85,0.4,3.4,0.06,0.15,0.04685560818850031,0.23427804094250157
111,1.276821374153433E18,0.4,0.85,0.4,3.4,0.085,0.15,0.04685560818850031,0.23427804094250157
112,1.276821374153433E18,0.4,0.85,0.4,3.4,0.095,0.15,0.04685560818850031,0.23427804094250157
113,1.276821374153433E18,0.4,0.85,0.2,3.3,0.025,0.15,0.04393034718336264,0.2196517359168132
114,1.276821374153433E18,0.4,0.85,0.2,3.4,0.025,0.45,0.08089103472519034,0.4044551736259517
115,1.276821374153433E18,0.4,0.85,0.2,3.3,0.085,0.15,0.04384101894775744,0.2192050947387872
116,1.276821374153433E18,0.4,0.85,0.15,3.3,0.085,0.15,0.04400960641177331,0.22004803205886656
117,1.276821374153433E18,0.4,0.85,0.2,3.3,0.09,0.15,0.04384101894775744,0.2192050947387872
118,1.276821374153433E18,0.4,0.85,0.2,3.4,0.09,0.15,0.04384101894775744,0.2192050947387872
119,1.276821374153433E18,0.4,0.85,0.2,3.3,0.09,0.25,0.04849803350981536,0.2424901675490768
120,1.276821374153433E18,0.4,0.8,0.2,3.3,0.08,0.15,0.08510612297335565,0.42553061486677823
121,1.276821374153433E18,0.4,0.85,0.2,3.3,0.09,0.1,0.04713884633284313,0.23569423166421566
122,1.276821374153433E18,0.4,0.85,0.2,3.3,0.06,0.15,0.04384101894775744,0.2192050947387872
123,1.276821374153433E18,0.4,0.85,0.2,3.4,0.08,0.15,0.04384101894775744,0.2192050947387872
124,1.276821374153433E18,0.4,0.95,0.2,3.4,0.085,0.15,0.1098394680245796,0.549197340122898
125,1.276821374153433E18,0.4,0.85,0.2,3.3,0.095,0.2,0.04433243074718046,0.2216621537359023
126,1.276821374153433E18,0.4,0.75,0.2,3.4,0.08,0.15,0.1396148468968641,0.6980742344843205
127,1.276821374153433E18,0.4,0.85,0.2,3.4,0.09,0.2,0.04433243074718046,0.2216621537359023
128,1.276821374153433E18,0.35,0.85,0.2,3.4,0.085,0.15,0.04634719066514989,0.23173595332574945
129,1.276821374153433E18,0.4,0.85,0.2,3.4,0.095,0.2,0.04433243074718046,0.2216621537359023
130,1.276821374153433E18,0.4,0.85,0.2,3.4,0.065,0.15,0.04384101894775744,0.2192050947387872
131,1.276821374153433E18,0.4,0.85,0.45,3.3,0.09,0.15,0.04844548555876132,0.2422274277938066
132,1.276821374153433E18,0.4,0.85,0.45,3.4,0.085,0.15,0.04844548555876132,0.2422274277938066
133,1.276821374153433E18,0.4,0.85,0.45,3.3,0.095,0.15,0.04844548555876132,0.2422274277938066
134,1.276821374153433E18,0.4,0.85,0.45,3.4,0.06,0.15,0.04844548555876132,0.2422274277938066
135,1.276821374153433E18,0.4,0.85,0.2,3.0,0.06,0.15,0.04384101894775744,0.2192050947387872
136,1.276821374153433E18,0.4,0.85,0.2,3.0,0.09,0.15,0.04384101894775744,0.2192050947387872
137,1.276821374153433E18,0.4,0.85,0.2,3.4,0.095,0.5,0.0967899152173301,0.4839495760866505
138,1.276821374153433E18,0.4,0.85,0.2,3.3,0.03,0.15,0.04389129665840748,0.21945648329203737
139,1.276821374153433E18,0.55,0.85,0.2,3.4,0.06,0.15,0.07503768640977959,0.37518843204889796
140,1.276821374153433E18,0.55,0.85,0.2,3.3,0.085,0.15,0.07503768640977959,0.37518843204889796
141,1.276821374153433E18,0.4,0.8,0.2,3.3,0.06,0.15,0.08510612297335565,0.42553061486677823
142,1.276821374153433E18,0.4,0.8,0.2,3.3,0.085,0.15,0.08510612297335565,0.42553061486677823
143,1.276821374153433E18,0.4,0.75,0.2,3.4,0.085,0.15,0.1396148468968641,0.6980742344843205
144,1.276821374153433E18,0.4,0.85,0.2,3.3,0.045,0.15,0.04384101894775744,0.2192050947387872
145,1.276821374153433E18,0.4,0.8,0.4,3.3,0.085,0.15,0.08932943492919558,0.4466471746459779
146,1.276821374153433E18,0.4,0.8,0.2,3.4,0.09,0.15,0.08510612297335565,0.42553061486677823
147,1.276821374153433E18,0.4,0.85,0.4,3.3,0.08,0.15,0.04685560818850031,0.23427804094250157
148,1.276821374153433E18,0.5,0.85,0.2,3.4,0.06,0.15,0.07181576665710647,0.35907883328553236
149,1.276821374153433E18,0.4,0.85,0.2,7.9,0.06,0.15,0.04442883529213885,0.22214417646069423
150,1.276821374153433E18,0.4,0.85,0.2,4.7,0.085,0.15,0.044130375361738784,0.22065187680869391
151,1.276821374153433E18,0.4,0.85,0.2,4.7,0.09,0.15,0.044130375361738784,0.22065187680869391
152,1.276821374153433E18,0.4,0.85,0.2,4.2,0.09,0.15,0.044130375361738784,0.22065187680869391
153,1.276821374153433E18,0.4,0.85,0.2,6.5,0.085,0.15,0.044130375361738784,0.22065187680869391
154,1.276821374153433E18,0.4,0.85,0.2,3.3,0.06,0.4,0.07424205795845912,0.3712102897922956
155,1.276821374153433E18,0.4,0.85,0.2,3.4,0.085,0.25,0.04849803350981536,0.2424901675490768
156,1.276821374153433E18,0.4,0.85,0.2,3.3,0.09,0.35,0.06446351701093803,0.3223175850546901
157,1.276821374153433E18,0.4,0.85,0.2,3.4,0.095,0.35,0.06446351701093803,0.3223175850546901
158,1.276821374153433E18,0.4,0.85,0.2,7.7,0.09,0.15,0.04442883529213885,0.22214417646069423
159,1.276821374153433E18,0.4,0.85,0.45,3.4,0.095,0.15,0.04844548555876132,0.2422274277938066
160,1.276821374153433E18,0.4,0.85,0.4,3.3,0.095,0.15,0.04685560818850031,0.23427804094250157
161,1.276821374153433E18,0.4,0.85,0.4,3.3,0.09,0.15,0.04685560818850031,0.23427804094250157
162,1.276821374153433E18,0.4,0.85,0.4,3.3,0.085,0.15,0.04685560818850031,0.23427804094250157
163,1.276821374153433E18,0.3,0.85,0.2,3.4,0.06,0.15,0.05239978172525769,0.26199890862628844
164,1.276821374153433E18,0.4,0.85,0.5,3.3,0.095,0.15,0.05031647480323251,0.25158237401616257
165,1.276821374153433E18,0.4,0.75,0.2,3.4,0.095,0.15,0.1396148468968641,0.6980742344843205
166,1.276821374153433E18,0.4,0.85,0.2,3.4,0.02,0.15,0.043994947888831556,0.2199747394441578
167,1.276821374153433E18,0.4,0.85,0.2,5.7,0.08,0.15,0.044130375361738784,0.22065187680869391
168,1.276821374153433E18,0.4,1.0,0.2,3.3,0.06,0.15,0.16591684590374167,0.8295842295187084
169,1.276821374153433E18,0.4,0.85,0.2,3.4,0.085,0.4,0.07451368841637389,0.37256844208186946
170,1.276821374153433E18,0.4,0.8,0.2,3.3,0.095,0.15,0.08510612297335565,0.42553061486677823
171,1.276821374153433E18,0.4,0.85,0.2,9.9,0.08,0.15,0.04475147455655533,0.22375737278277663
172,1.276821374153433E18,0.3,0.8,0.2,3.3,0.085,0.15,0.0943546567751172,0.47177328387558604
173,1.276821374153433E18,0.5,0.85,0.2,3.4,0.095,0.15,0.07181576665710647,0.35907883328553236
174,1.276821374153433E18,0.5,0.85,0.2,3.4,0.085,0.15,0.07181576665710647,0.35907883328553236
175,1.276821374153433E18,0.5,0.85,0.2,3.4,0.09,0.15,0.07181576665710647,0.35907883328553236
176,1.276821374153433E18,0.4,0.75,0.2,3.3,0.095,0.15,0.1396148468968641,0.6980742344843205
177,1.276821374153433E18,0.4,0.85,0.2,3.4,0.03,0.15,0.04389129665840748,0.21945648329203737
178,1.276821374153433E18,0.4,0.85,0.2,3.3,0.085,0.2,0.04433243074718046,0.2216621537359023
179,1.276821374153433E18,0.4,0.85,0.2,5.3,0.085,0.15,0.044130375361738784,0.22065187680869391
180,1.276821374153433E18,0.4,0.85,0.5,3.4,0.095,0.15,0.05031647480323251,0.25158237401616257
181,1.276821374153433E18,0.25,0.85,0.2,3.4,0.095,0.15,0.06506487624735255,0.32532438123676277
182,1.276821374153433E18,0.4,0.85,0.2,3.3,0.07,0.15,0.04384101894775744,0.2192050947387872
183,1.276821374153433E18,0.4,0.85,0.2,4.2,0.06,0.15,0.044130375361738784,0.22065187680869391
184,1.276821374153433E18,0.4,0.75,0.2,3.3,0.09,0.15,0.1396148468968641,0.6980742344843205
185,1.276821374153433E18,0.5,0.85,0.2,3.3,0.06,0.15,0.07181576665710647,0.35907883328553236
186,1.276821374153433E18,0.5,0.85,0.2,3.3,0.085,0.15,0.07181576665710647,0.35907883328553236
187,1.276821374153433E18,0.4,0.85,0.2,8.9,0.06,0.15,0.04442883529213885,0.22214417646069423
188,1.276821374153433E18,0.4,0.85,0.2,3.3,0.06,0.2,0.04433243074718046,0.2216621537359023
189,1.276821374153433E18,0.45,0.85,0.2,3.3,0.095,0.15,0.04676401805874984,0.23382009029374923
190,1.276821374153433E18,0.4,0.85,0.2,3.4,0.09,0.4,0.07456806150310351,0.37284030751551756
191,1.276821374153433E18,0.4,0.85,0.35,3.3,0.095,0.15,0.04557627101567947,0.22788135507839735
192,1.276821374153433E18,0.4,0.85,0.2,3.3,0.08,0.35,0.0644166931618951,0.32208346580947556
193,1.276821374153433E18,0.4,0.85,0.15,3.3,0.095,0.15,0.04400960641177331,0.22004803205886656
194,1.276821374153433E18,0.4,0.85,0.1,3.4,0.06,0.15,0.04455245766454489,0.22276228832272443
195,1.276821374153433E18,0.4,0.85,0.2,3.3,0.09,0.45,0.08539251843516803,0.42696259217584015
196,1.276821374153433E18,0.4,0.85,0.2,3.3,0.035,0.15,0.043852566504423436,0.21926283252211717
197,1.276821374153433E18,0.4,0.85,0.5,3.3,0.06,0.15,0.05031647480323251,0.25158237401616257
198,1.276821374153433E18,0.65,0.85,0.2,3.4,0.085,0.15,0.07503768640977959,0.37518843204889796
199,1.276821374153433E18,0.65,0.85,0.2,3.3,0.095,0.15,0.07503768640977959,0.37518843204889796
200,1.276821374153433E18,0.65,0.85,0.2,3.3,0.09,0.15,0.07503768640977959,0.37518843204889796
201,1.276821374153433E18,0.65,0.85,0.2,3.4,0.09,0.15,0.07503768640977959,0.37518843204889796
202,1.276821374153433E18,0.25,0.85,0.2,3.3,0.09,0.15,0.06506487624735255,0.32532438123676277
203,1.276821374153433E18,0.4,0.85,0.2,4.3,0.09,0.15,0.044130375361738784,0.22065187680869391
204,1.276821374153433E18,0.4,0.85,0.2,3.3,0.015,0.15,0.0441069160782203,0.22053458039110152
205,1.276821374153433E18,0.4,0.85,0.2,8.9,0.09,0.15,0.04442883529213885,0.22214417646069423
206,1.276821374153433E18,0.4,0.85,0.2,3.1,0.085,0.15,0.04384101894775744,0.2192050947387872
207,1.276821374153433E18,0.4,0.85,0.2,2.3,0.06,0.15,0.04384101894775744,0.2192050947387872
208,1.276821374153433E18,0.4,0.85,0.2,2.3,0.085,0.15,0.04384101894775744,0.2192050947387872
209,1.276821374153433E18,0.4,0.85,0.2,8.4,0.09,0.15,0.04442883529213885,0.22214417646069423
210,1.276821374153433E18,0.4,0.85,0.2,8.4,0.085,0.15,0.04442883529213885,0.22214417646069423
211,1.276821374153433E18,0.4,0.85,0.2,8.4,0.06,0.15,0.04442883529213885,0.22214417646069423
212,1.276821374153433E18,0.4,0.75,0.2,3.3,0.06,0.15,0.1396148468968641,0.6980742344843205
213,1.276821374153433E18,0.4,0.85,0.35,3.4,0.06,0.15,0.04557627101567947,0.22788135507839735
214,1.276821374153433E18,0.4,0.85,0.2,3.6,0.08,0.15,0.04384101894775744,0.2192050947387872
215,1.276821374153433E18,0.4,0.85,0.35,3.3,0.085,0.15,0.04557627101567947,0.22788135507839735
216,1.276821374153433E18,0.4,0.85,0.35,3.3,0.09,0.15,0.04557627101567947,0.22788135507839735
217,1.276821374153433E18,0.4,0.85,0.2,3.3,0.075,0.15,0.04384101894775744,0.2192050947387872
218,1.276821374153433E18,0.4,0.85,0.5,3.4,0.06,0.15,0.05031647480323251,0.25158237401616257
219,1.276821374153433E18,0.4,0.85,0.2,3.3,0.02,0.15,0.043994947888831556,0.2199747394441578
220,1.276821374153433E18,0.4,0.85,0.4,3.3,0.06,0.15,0.04685560818850031,0.23427804094250157
221,1.276821374153433E18,0.4,0.85,0.4,3.3,0.015,0.15,0.046980002444647194,0.23490001222323598
222,1.276821374153433E18,0.4,0.85,0.3,3.4,0.06,0.15,0.04463418481349645,0.22317092406748226
223,1.276821374153433E18,0.4,0.85,0.3,3.3,0.08,0.15,0.04463418481349645,0.22317092406748226
224,1.276821374153433E18,0.4,0.85,0.2,3.3,0.065,0.15,0.04384101894775744,0.2192050947387872
225,1.276821374153433E18,0.4,0.85,0.2,3.3,0.095,0.35,0.06446351701093803,0.3223175850546901
226,1.276821374153433E18,0.4,0.75,0.2,3.4,0.06,0.15,0.1396148468968641,0.6980742344843205
227,1.276821374153433E18,0.4,0.85,0.2,3.4,0.085,0.1,0.04713884633284313,0.23569423166421566
228,1.276821374153433E18,0.4,0.85,0.2,3.3,0.08,0.1,0.04713884633284313,0.23569423166421566
229,1.276821374153433E18,0.4,0.85,0.2,3.4,0.08,0.1,0.04713884633284313,0.23569423166421566
230,1.276821374153433E18,0.4,0.85,0.2,7.2,0.09,0.15,0.04442883529213885,0.22214417646069423
231,1.276821374153433E18,0.4,0.85,0.2,3.4,0.09,0.3,0.05551683940458496,0.2775841970229248
232,1.276821374153433E18,0.4,0.9,0.2,3.4,0.09,0.15,0.05940752307999273,0.29703761539996365
233,1.276821374153433E18,0.4,0.9,0.2,3.4,0.06,0.15,0.05940752307999273,0.29703761539996365
234,1.276821374153433E18,0.2,0.85,0.2,3.3,0.08,0.15,0.0836348801071099,0.4181744005355495
235,1.276821374153433E18,0.4,0.85,0.2,3.3,0.06,0.45,0.08491735752219362,0.42458678761096813
236,1.276821374153433E18,0.4,0.85,0.2,9.4,0.06,0.15,0.04442883529213885,0.22214417646069423
237,1.276821374153433E18,0.4,0.85,0.2,3.3,0.055,0.15,0.04384101894775744,0.2192050947387872
238,1.276821374153433E18,0.4,0.85,0.2,3.4,0.055,0.15,0.04384101894775744,0.2192050947387872
239,1.276821374153433E18,0.4,0.85,0.2,9.9,0.055,0.15,0.04475147455655533,0.22375737278277663
240,1.276821374153433E18,0.4,0.85,0.2,3.4,0.045,0.15,0.04384101894775744,0.2192050947387872
241,1.276821374153433E18,0.3,0.85,0.2,3.4,0.085,0.15,0.05239978172525769,0.26199890862628844
242,1.276821374153433E18,0.4,0.7,0.2,3.3,0.095,0.15,0.19664637007027172,0.9832318503513586
243,1.276821374153433E18,0.4,0.7,0.2,3.4,0.06,0.15,0.19664637007027172,0.9832318503513586
244,1.276821374153433E18,0.4,0.85,0.2,6.5,0.06,0.15,0.044130375361738784,0.22065187680869391
245,1.276821374153433E18,0.35,0.85,0.2,3.3,0.08,0.15,0.04634719066514989,0.23173595332574945
246,1.276821374153433E18,0.35,0.85,0.2,3.4,0.06,0.15,0.04634719066514989,0.23173595332574945
247,1.276821374153433E18,0.35,0.85,0.2,3.3,0.095,0.15,0.04634719066514989,0.23173595332574945
248,1.276821374153433E18,0.45,0.85,0.2,3.3,0.09,0.15,0.04676401805874984,0.23382009029374923
249,1.276821374153433E18,0.3,0.85,0.2,3.3,0.095,0.15,0.05239978172525769,0.26199890862628844
250,1.276821374153433E18,0.4,1.0,0.2,3.3,0.095,0.15,0.16591684590374167,0.8295842295187084
251,1.276821374153433E18,0.4,0.85,0.2,3.7,0.085,0.15,0.04384101894775744,0.2192050947387872
252,1.276821374153433E18,0.35,0.85,0.2,3.4,0.095,0.15,0.04634719066514989,0.23173595332574945
253,1.276821374153433E18,0.35,0.85,0.2,3.3,0.085,0.15,0.04634719066514989,0.23173595332574945
254,1.276821374153433E18,0.4,0.85,0.2,9.7,0.06,0.15,0.04442883529213885,0.22214417646069423
255,1.276821374153433E18,0.4,0.85,0.2,3.4,0.09,0.25,0.04849803350981536,0.2424901675490768
256,1.276821374153433E18,0.4,0.85,0.2,3.3,0.08,0.25,0.04849803350981536,0.2424901675490768
257,1.276821374153433E18,0.4,0.85,0.2,3.4,0.06,0.35,0.06423746323017676,0.3211873161508838
258,1.276821374153433E18,0.4,0.85,0.2,8.3,0.085,0.15,0.04442883529213885,0.22214417646069423
259,1.276821374153433E18,0.4,0.85,0.2,8.3,0.06,0.15,0.04442883529213885,0.22214417646069423
260,1.276821374153433E18,0.4,0.85,0.2,8.3,0.095,0.15,0.04442883529213885,0.22214417646069423
261,1.276821374153433E18,0.4,0.85,0.2,3.3,0.01,0.15,0.04441173403724447,0.22205867018622236
262,1.276821374153433E18,0.4,0.85,0.2,3.4,0.01,0.15,0.04441173403724447,0.22205867018622236
263,1.276821374153433E18,0.55,0.85,0.2,3.4,0.09,0.15,0.07503768640977959,0.37518843204889796
264,1.276821374153433E18,0.4,0.85,0.2,2.4,0.095,0.15,0.04384101894775744,0.2192050947387872
265,1.276821374153433E18,0.4,0.85,0.2,3.3,0.05,0.15,0.04384101894775744,0.2192050947387872
266,1.276821374153433E18,0.7,0.85,0.2,3.4,0.095,0.15,0.07503768640977959,0.37518843204889796
267,1.276821374153433E18,0.4,0.85,0.2,3.3,0.06,0.3,0.05543458986764328,0.2771729493382164
268,1.276821374153433E18,0.4,0.85,0.2,7.0,0.09,0.15,0.04442883529213885,0.22214417646069423
269,1.276821374153433E18,0.4,0.85,0.2,3.3,0.085,0.3,0.05551683940458496,0.2775841970229248
270,1.276821374153433E18,0.4,0.95,0.2,3.3,0.08,0.15,0.1098394680245796,0.549197340122898
271,1.276821374153433E18,0.4,0.95,0.2,3.3,0.095,0.15,0.1098394680245796,0.549197340122898
272,1.276821374153433E18,0.4,0.85,0.2,3.3,0.095,0.3,0.05551683940458496,0.2775841970229248
273,1.276821374153433E18,0.4,0.85,0.35,3.4,0.09,0.15,0.04557627101567947,0.22788135507839735
274,1.276821374153433E18,0.4,0.85,0.35,3.3,0.08,0.15,0.04557627101567947,0.22788135507839735
275,1.276821374153433E18,0.4,0.85,0.2,3.4,0.06,0.45,0.08491735752219362,0.42458678761096813
276,1.276821374153433E18,0.4,0.85,0.2,3.4,0.07,0.15,0.04384101894775744,0.2192050947387872
277,1.276821374153433E18,0.4,0.85,0.3,3.3,0.085,0.15,0.04463418481349645,0.22317092406748226
278,1.276821374153433E18,0.4,0.85,0.3,3.3,0.09,0.15,0.04463418481349645,0.22317092406748226
279,1.276821374153433E18,0.4,0.8,0.2,3.4,0.085,0.15,0.08510612297335565,0.42553061486677823
280,1.276821374153433E18,0.4,0.85,0.2,3.3,0.1,0.15,0.04384101894775744,0.2192050947387872
281,1.276821374153433E18,0.4,0.85,0.2,3.4,0.095,0.1,0.04713884633284313,0.23569423166421566
282,1.276821374153433E18,0.6,0.85,0.2,3.3,0.06,0.15,0.07503768640977959,0.37518843204889796
283,1.276821374153433E18,0.4,0.85,0.15,3.3,0.09,0.15,0.04400960641177331,0.22004803205886656
284,1.276821374153433E18,0.4,0.85,0.15,3.3,0.08,0.15,0.04400960641177331,0.22004803205886656
285,1.276821374153433E18,0.4,0.85,0.5,3.4,0.09,0.15,0.05031647480323251,0.25158237401616257
286,1.276821374153433E18,0.4,0.85,0.2,3.4,0.085,0.2,0.04433243074718046,0.2216621537359023
287,1.276821374153433E18,0.4,0.85,0.5,3.3,0.08,0.15,0.05031647480323251,0.25158237401616257
288,1.276821374153433E18,0.4,0.85,0.2,3.8,0.085,0.15,0.04384101894775744,0.2192050947387872
289,1.276821374153433E18,0.4,0.85,0.25,3.3,0.09,0.15,0.04405099251465675,0.22025496257328375
290,1.276821374153433E18,0.65,0.85,0.2,3.3,0.085,0.15,0.07503768640977959,0.37518843204889796
291,1.276821374153433E18,0.4,0.85,0.2,3.3,0.06,0.5,0.09606195906003825,0.48030979530019124
292,1.276821374153433E18,0.55,0.85,0.2,3.4,0.085,0.15,0.07503768640977959,0.37518843204889796
293,1.276821374153433E18,0.35,0.85,0.2,3.3,0.06,0.15,0.04634719066514989,0.23173595332574945
294,1.276821374153433E18,0.45,0.85,0.2,3.3,0.06,0.15,0.04676401805874984,0.23382009029374923
295,1.276821374153433E18,0.4,0.85,0.15,3.4,0.09,0.15,0.04400960641177331,0.22004803205886656
296,1.276821374153433E18,0.4,0.85,0.2,3.4,0.085,0.45,0.08533196248564193,0.4266598124282096
297,1.276821374153433E18,0.4,0.85,0.2,7.9,0.09,0.15,0.04442883529213885,0.22214417646069423
298,1.276821374153433E18,0.35,0.85,0.2,3.3,0.09,0.15,0.04634719066514989,0.23173595332574945
299,1.276821374153433E18,0.4,0.85,0.2,2.7,0.085,0.15,0.04384101894775744,0.2192050947387872
300,1.276821374153433E18,0.4,0.85,0.2,3.4,0.06,0.4,0.07424205795845912,0.3712102897922956
301,1.276821374153433E18,0.4,0.85,0.2,3.3,0.08,0.4,0.0744594847850646,0.372297423925323
302,1.276821374153433E18,0.4,0.85,0.2,3.3,0.085,0.4,0.07451368841637389,0.37256844208186946
303,1.276821374153433E18,0.35,0.85,0.2,3.3,0.085,0.4,0.09543329738870142,0.4771664869435071
304,1.276821374153433E18,0.4,0.85,0.2,2.2,0.09,0.15,0.04384101894775744,0.2192050947387872
305,1.276821374153433E18,0.4,0.85,0.2,3.3,0.06,0.35,0.06423746323017676,0.3211873161508838
306,1.276821374153433E18,0.4,0.85,0.2,5.8,0.09,0.15,0.044130375361738784,0.22065187680869391
307,1.276821374153433E18,0.4,0.75,0.2,3.4,0.09,0.15,0.1396148468968641,0.6980742344843205
308,1.276821374153433E18,0.3,0.85,0.2,3.3,0.06,0.15,0.05239978172525769,0.26199890862628844
309,1.276821374153433E18,0.4,0.85,0.2,9.8,0.095,0.15,0.04475147455655533,0.22375737278277663
310,1.276821374153433E18,0.4,0.85,0.2,8.0,0.06,0.15,0.04442883529213885,0.22214417646069423
311,1.276821374153433E18,0.4,0.85,0.2,8.0,0.09,0.15,0.04442883529213885,0.22214417646069423
312,1.276821374153433E18,0.4,0.85,0.2,3.3,0.04,0.15,0.04384101894775744,0.2192050947387872
313,1.276821374153433E18,0.2,0.85,0.2,3.3,0.095,0.15,0.0836348801071099,0.4181744005355495
314,1.276821374153433E18,0.2,0.85,0.2,3.3,0.09,0.15,0.0836348801071099,0.4181744005355495
315,1.276821374153433E18,0.2,0.85,0.2,3.3,0.06,0.15,0.0836348801071099,0.4181744005355495
316,1.276821374153433E18,0.45,0.85,0.2,3.4,0.09,0.15,0.04690742006521797,0.23453710032608985
317,1.276821374153433E18,0.4,0.7,0.2,3.4,0.09,0.15,0.19664637007027172,0.9832318503513586
318,1.276821374153433E18,0.4,0.7,0.2,3.3,0.06,0.15,0.19664637007027172,0.9832318503513586
319,1.276821374153433E18,0.4,0.85,0.2,4.6,0.095,0.15,0.044130375361738784,0.22065187680869391
320,1.276821374153433E18,0.4,0.85,0.2,4.6,0.08,0.15,0.044130375361738784,0.22065187680869391
321,1.276821374153433E18,0.4,0.85,0.2,6.2,0.085,0.15,0.044130375361738784,0.22065187680869391
322,1.276821374153433E18,0.4,0.85,0.2,6.2,0.06,0.15,0.044130375361738784,0.22065187680869391
323,1.276821374153433E18,0.4,0.85,0.15,3.3,0.06,0.15,0.04400960641177331,0.22004803205886656
324,1.276821374153433E18,0.4,0.7,0.2,3.3,0.08,0.15,0.19664637007027172,0.9832318503513586
325,1.276821374153433E18,0.4,0.85,0.2,4.7,0.06,0.15,0.044130375361738784,0.22065187680869391
326,1.276821374153433E18,0.4,0.85,0.2,3.4,0.04,0.15,0.04384101894775744,0.2192050947387872
327,1.276821374153433E18,0.4,0.85,0.2,9.7,0.08,0.15,0.04442883529213885,0.22214417646069423
328,1.276821374153433E18,0.4,0.85,0.2,3.4,0.06,0.2,0.04433243074718046,0.2216621537359023
329,1.276821374153433E18,0.4,0.75,0.2,3.3,0.08,0.15,0.1396148468968641,0.6980742344843205
330,1.276821374153433E18,0.4,0.85,0.5,3.3,0.07,0.15,0.05031647480323251,0.25158237401616257
331,1.276821374153433E18,0.3,0.85,0.2,3.4,0.09,0.15,0.05239978172525769,0.26199890862628844
332,1.276821374153433E18,0.4,0.85,0.2,3.3,0.09,0.2,0.04433243074718046,0.2216621537359023
333,1.276821374153433E18,0.4,1.0,0.2,3.3,0.09,0.15,0.16591684590374167,0.8295842295187084
334,1.276821374153433E18,0.4,0.85,0.2,3.3,0.085,0.45,0.08533196248564193,0.4266598124282096
335,1.276821374153433E18,0.4,0.85,0.2,8.8,0.09,0.15,0.04442883529213885,0.22214417646069423
336,1.276821374153433E18,0.4,0.85,0.2,8.8,0.085,0.15,0.04442883529213885,0.22214417646069423
337,1.276821374153433E18,0.7,0.85,0.2,3.4,0.09,0.15,0.07503768640977959,0.37518843204889796
338,1.276821374153433E18,0.25,0.85,0.2,3.3,0.06,0.15,0.06506487624735255,0.32532438123676277
339,1.276821374153433E18,0.4,0.85,0.2,3.4,0.085,0.3,0.05551683940458496,0.2775841970229248
340,1.276821374153433E18,0.4,0.85,0.1,3.3,0.06,0.15,0.04455245766454489,0.22276228832272443
341,1.276821374153433E18,0.4,0.85,0.1,3.3,0.08,0.15,0.04455245766454489,0.22276228832272443
342,1.276821374153433E18,0.4,0.85,0.1,3.3,0.085,0.15,0.04455245766454489,0.22276228832272443
343,1.276821374153433E18,0.4,0.8,0.2,3.3,0.09,0.15,0.08510612297335565,0.42553061486677823
344,1.276821374153433E18,0.4,0.85,0.2,3.3,0.095,0.4,0.07462260367483704,0.3731130183741852
345,1.276821374153433E18,0.4,0.85,0.2,9.0,0.095,0.15,0.04442883529213885,0.22214417646069423
346,1.276821374153433E18,0.4,0.85,0.2,9.7,0.095,0.15,0.04442883529213885,0.22214417646069423
347,1.276821374153433E18,0.4,0.95,0.2,3.3,0.085,0.15,0.1098394680245796,0.549197340122898
348,1.276821374153433E18,0.4,0.85,0.2,3.4,0.09,0.1,0.04713884633284313,0.23569423166421566
349,1.276821374153433E18,0.4,0.75,0.2,3.3,0.085,0.15,0.1396148468968641,0.6980742344843205
350,1.276821374153433E18,0.25,0.85,0.2,3.4,0.06,0.15,0.06506487624735255,0.32532438123676277
351,1.276821374153433E18,0.4,0.85,0.2,9.6,0.085,0.15,0.04442883529213885,0.22214417646069423
352,1.276821374153433E18,0.4,0.85,0.2,6.6,0.09,0.15,0.044130375361738784,0.22065187680869391
353,1.276821374153433E18,0.4,0.85,0.2,3.3,0.06,0.25,0.04849590725930432,0.24247953629652158
354,1.276821374153433E18,0.3,0.85,0.2,3.3,0.08,0.15,0.05239978172525769,0.26199890862628844
355,1.276821374153433E18,0.4,0.85,0.2,3.0,0.085,0.15,0.04384101894775744,0.2192050947387872
356,1.276821374153433E18,0.4,0.85,0.2,6.1,0.085,0.15,0.044130375361738784,0.22065187680869391
357,1.276821374153433E18,0.25,0.85,0.2,3.3,0.085,0.15,0.06506487624735255,0.32532438123676277
358,1.276821374153433E18,0.4,0.85,0.2,3.6,0.06,0.15,0.04384101894775744,0.2192050947387872
359,1.276821374153433E18,0.4,0.85,0.2,3.4,0.035,0.15,0.043852566504423436,0.21926283252211717
360,1.276821374153433E18,0.4,0.85,0.2,3.3,0.085,0.1,0.04713884633284313,0.23569423166421566
361,1.276821374153433E18,0.4,0.95,0.2,3.4,0.095,0.15,0.1098394680245796,0.549197340122898
362,1.276821374153433E18,0.4,0.85,0.2,5.8,0.06,0.15,0.044130375361738784,0.22065187680869391
