id,seed,labor_cost_per_hour,pumping_cost_per_mm,fertilizer_unit_price,pesticide_unit_cost,straw_market_price,muddy_harvest_logistics_factor,grain_quality_discount_factor,fungicide_surcharge_factor,error_methane,error_labor,error_income,fitness
0,2.8452671123361423E18,2.0,0.4,1.4,14.0,0.037,1.0,1.0,1.0,0.3427924163255672,0.3427924163255672
1,2.8452671123361423E18,1.3,0.55,1.55,16.5,0.024,1.0,1.0,1.0,0.2106740278314724,0.2106740278314724
2,2.8452671123361423E18,2.6,0.2,1.5,13.5,0.02,1.0,1.0,1.0,0.49807445233038294,0.49807445233038294
3,2.8452671123361423E18,2.0,0.45,2.15,13.0,0.018,1.0,1.0,1.0,0.5297875572834223,0.5297875572834223
4,2.8452671123361423E18,4.0,0.45,2.15,9.0,0.024,1.0,1.0,1.0,1.4827117140196167,1.4827117140196167
5,2.8452671123361423E18,1.3,0.25,0.9,5.5,0.007,1.0,1.0,1.0,0.34689441118800246,0.34689441118800246
6,2.8452671123361423E18,1.9,0.7,1.4,18.0,0.016,1.0,1.0,1.0,0.6200545980752239,0.6200545980752239
7,2.8452671123361423E18,3.7,0.3,0.7,19.0,0.015,1.0,1.0,1.0,1.0248242570726132,1.0248242570726132
8,2.8452671123361423E18,1.6,0.15,2.4,5.0,0.009,1.0,1.0,1.0,0.10091251867684184,0.10091251867684184
9,2.8452671123361423E18,1.4,0.8,1.95,19.5,0.013,1.0,1.0,1.0,0.6225016634728708,0.6225016634728708
10,2.8452671123361423E18,2.1,0.85,1.95,21.5,0.006,1.0,1.0,1.0,1.0147552567065479,1.0147552567065479
11,2.8452671123361423E18,1.5,0.35,1.55,16.0,0.035,1.0,1.0,1.0,0.10110077512990652,0.10110077512990652
12,2.8452671123361423E18,2.0,0.25,0.7,8.0,0.028,1.0,1.0,1.0,0.14240902515796397,0.14240902515796397
13,2.8452671123361423E18,1.0,0.45,1.8,8.5,0.033,1.0,1.0,1.0,0.10979762507740055,0.10979762507740055
14,2.8452671123361423E18,1.0,0.9,0.75,7.5,0.038,1.0,1.0,1.0,0.25390955684350425,0.25390955684350425
15,2.8452671123361423E18,1.2,0.45,2.05,17.0,0.039,1.0,1.0,1.0,0.17258965084621006,0.17258965084621006
16,2.8452671123361423E18,2.6,0.45,2.35,14.5,0.036,1.0,1.0,1.0,0.8830986637322019,0.8830986637322019
17,2.8452671123361423E18,3.3,0.85,0.75,11.5,0.033,1.0,1.0,1.0,1.240149630596287,1.240149630596287
18,2.8452671123361423E18,2.4,0.15,2.05,17.5,0.034,1.0,1.0,1.0,0.5012172240613874,0.5012172240613874
19,2.8452671123361423E18,3.0,0.45,0.9,15.0,0.031,1.0,1.0,1.0,0.7967553700492743,0.7967553700492743
20,2.8452671123361423E18,1.3,0.35,1.55,16.0,0.035,1.0,1.0,1.0,0.015057659079918918,0.015057659079918918
21,2.8452671123361423E18,1.5,0.25,0.9,5.5,0.007,1.0,1.0,1.0,0.25768208512311985,0.25768208512311985
22,2.8452671123361423E18,1.0,0.45,0.7,8.0,0.028,1.0,1.0,1.0,0.31520402876338377,0.31520402876338377
23,2.8452671123361423E18,1.3,0.25,0.7,8.0,0.028,1.0,1.0,1.0,0.3620880023152796,0.3620880023152796
24,2.8452671123361423E18,2.0,0.25,1.8,8.5,0.033,1.0,1.0,1.0,0.24678745416680015,0.24678745416680015
25,2.8452671123361423E18,1.2,0.45,2.05,16.5,0.024,1.0,1.0,1.0,0.1676314524402481,0.1676314524402481
26,2.8452671123361423E18,1.3,0.4,1.4,14.0,0.037,1.0,1.0,1.0,0.02005015513625986,0.02005015513625986
27,2.8452671123361423E18,2.0,0.55,1.55,16.5,0.024,1.0,1.0,1.0,0.5373866304399197,0.5373866304399197
28,2.8452671123361423E18,1.3,0.55,1.55,17.0,0.039,1.0,1.0,1.0,0.21566609432187595,0.21566609432187595
29,2.8452671123361423E18,3.0,0.9,0.75,7.5,0.038,1.0,1.0,1.0,1.0982268766144436,1.0982268766144436
30,2.8452671123361423E18,3.0,0.4,1.4,14.0,0.037,1.0,1.0,1.0,0.8424393207416176,0.8424393207416176
31,2.8452671123361423E18,1.3,0.45,0.7,8.0,0.028,1.0,1.0,1.0,0.1661188000305506,0.1661188000305506
32,2.8452671123361423E18,1.5,0.35,1.55,5.0,0.009,1.0,1.0,1.0,0.03899464092253128,0.03899464092253128
33,2.8452671123361423E18,1.3,0.45,1.55,16.0,0.035,1.0,1.0,1.0,0.10322224440820643,0.10322224440820643
34,2.8452671123361423E18,1.6,0.15,2.4,16.0,0.035,1.0,1.0,1.0,0.1613410242295322,0.1613410242295322
35,2.8452671123361423E18,1.3,0.35,1.55,17.0,0.039,1.0,1.0,1.0,0.017871731876464285,0.017871731876464285
36,2.8452671123361423E18,1.2,0.45,2.4,5.0,0.009,1.0,1.0,1.0,0.12683867403302174,0.12683867403302174
37,2.8452671123361423E18,1.6,0.15,2.05,16.5,0.024,1.0,1.0,1.0,0.1200707642361528,0.1200707642361528
38,2.8452671123361423E18,1.2,0.35,1.55,16.0,0.035,1.0,1.0,1.0,0.05222777482208984,0.05222777482208984
39,2.8452671123361423E18,1.2,0.45,2.05,16.0,0.035,1.0,1.0,1.0,0.16269516531111172,0.16269516531111172
40,2.8452671123361423E18,1.3,0.35,0.7,8.0,0.028,1.0,1.0,1.0,0.2621779768237945,0.2621779768237945
41,2.8452671123361423E18,1.3,0.45,2.05,17.0,0.039,1.0,1.0,1.0,0.21580959191785948,0.21580959191785948
42,2.8452671123361423E18,1.6,0.6,2.4,5.0,0.009,1.0,1.0,1.0,0.4514587859549561,0.4514587859549561
43,2.8452671123361423E18,1.0,0.6,1.8,8.5,0.033,1.0,1.0,1.0,0.14783873123557942,0.14783873123557942
44,2.8452671123361423E18,1.2,0.45,2.35,16.0,0.035,1.0,1.0,1.0,0.22349772597576198,0.22349772597576198
45,2.8452671123361423E18,2.3,0.35,1.55,16.0,0.035,1.0,1.0,1.0,0.5001551887439323,0.5001551887439323
46,2.8452671123361423E18,1.3,0.4,1.55,5.0,0.009,1.0,1.0,1.0,0.07303499589594588,0.07303499589594588
47,2.8452671123361423E18,1.5,0.35,1.4,14.0,0.037,1.0,1.0,1.0,0.054828662165526364,0.054828662165526364
48,2.8452671123361423E18,1.3,0.45,1.55,17.0,0.039,1.0,1.0,1.0,0.11314298245780054,0.11314298245780054
49,2.8452671123361423E18,1.6,0.35,1.55,16.0,0.035,1.0,1.0,1.0,0.1507216233082322,0.1507216233082322
50,2.8452671123361423E18,1.5,0.15,2.4,5.0,0.009,1.0,1.0,1.0,0.09587288628275702,0.09587288628275702
51,2.8452671123361423E18,2.3,0.15,2.4,5.0,0.009,1.0,1.0,1.0,0.3963510277841239,0.3963510277841239
52,2.8452671123361423E18,1.2,0.4,1.4,14.0,0.037,1.0,1.0,1.0,0.060566548012188665,0.060566548012188665
53,2.8452671123361423E18,1.3,0.35,1.55,5.0,0.009,1.0,1.0,1.0,0.11861593172502986,0.11861593172502986
54,2.8452671123361423E18,1.3,0.4,1.55,17.0,0.039,1.0,1.0,1.0,0.06250433888680959,0.06250433888680959
55,2.8452671123361423E18,1.3,0.4,1.4,14.0,0.009,1.0,1.0,1.0,0.02005015513625986,0.02005015513625986
56,2.8452671123361423E18,1.5,0.4,1.55,17.0,0.039,1.0,1.0,1.0,0.15621979194612098,0.15621979194612098
57,2.8452671123361423E18,1.3,0.35,1.55,14.0,0.009,1.0,1.0,1.0,0.02677614787158265,0.02677614787158265
58,2.8452671123361423E18,1.2,0.4,1.55,17.0,0.039,1.0,1.0,1.0,0.03400295656294116,0.03400295656294116
59,2.8452671123361423E18,1.3,0.4,1.4,17.0,0.039,1.0,1.0,1.0,0.03330290928763347,0.03330290928763347
60,2.8452671123361423E18,1.3,0.35,1.4,14.0,0.037,1.0,1.0,1.0,0.05473473951333306,0.05473473951333306
61,2.8452671123361423E18,1.3,0.4,1.55,17.0,0.009,1.0,1.0,1.0,0.06250433888680959,0.06250433888680959
62,2.8452671123361423E18,1.5,0.35,1.55,17.0,0.039,1.0,1.0,1.0,0.11119113260100484,0.11119113260100484
63,2.8452671123361423E18,1.2,0.35,1.55,14.0,0.009,1.0,1.0,1.0,0.07257689022457417,0.07257689022457417
64,2.8452671123361423E18,1.3,0.35,1.55,14.0,0.037,1.0,1.0,1.0,0.02677614787158265,0.02677614787158265
65,2.8452671123361423E18,1.5,0.35,1.55,14.0,0.037,1.0,1.0,1.0,0.08131866121551325,0.08131866121551325
66,2.8452671123361423E18,1.3,0.4,1.55,16.0,0.035,1.0,1.0,1.0,0.052794016314722844,0.052794016314722844
67,2.8452671123361423E18,3.4,0.4,1.4,17.0,0.039,1.0,1.0,1.0,1.0732268953777269,1.0732268953777269
68,2.8452671123361423E18,3.4,0.35,1.55,14.0,0.037,1.0,1.0,1.0,1.0295142473197614,1.0295142473197614
69,2.8452671123361423E18,1.3,0.35,1.4,14.0,0.009,1.0,1.0,1.0,0.05473473951333306,0.05473473951333306
70,2.8452671123361423E18,1.3,0.35,1.4,17.0,0.039,1.0,1.0,1.0,0.02494416168971025,0.02494416168971025
71,2.8452671123361423E18,1.3,0.4,1.55,14.0,0.009,1.0,1.0,1.0,0.034979996012456896,0.034979996012456896
72,2.8452671123361423E18,1.3,0.35,1.55,5.0,0.037,1.0,1.0,1.0,0.11861593172502986,0.11861593172502986
73,2.8452671123361423E18,1.2,0.4,1.4,17.0,0.039,1.0,1.0,1.0,0.036072544729354256,0.036072544729354256
74,2.8452671123361423E18,1.3,0.4,1.55,17.0,0.031,1.0,1.0,1.0,0.06250433888680959,0.06250433888680959
75,2.8452671123361423E18,1.2,0.4,2.2,17.0,0.039,1.0,1.0,1.0,0.15200801610827333,0.15200801610827333
76,2.8452671123361423E18,3.3,0.4,1.4,14.0,0.009,1.0,1.0,1.0,0.9923917744759551,0.9923917744759551
77,2.8452671123361423E18,1.3,0.4,1.4,17.0,0.031,1.0,1.0,1.0,0.03330290928763347,0.03330290928763347
78,2.8452671123361423E18,1.3,0.35,1.55,20.0,0.035,1.0,1.0,1.0,0.04414200628757126,0.04414200628757126
79,2.8452671123361423E18,1.3,0.35,1.4,16.0,0.035,1.0,1.0,1.0,0.034471020243721236,0.034471020243721236
80,2.8452671123361423E18,1.3,0.35,1.55,20.0,0.037,1.0,1.0,1.0,0.04414200628757126,0.04414200628757126
81,2.8452671123361423E18,1.3,0.35,1.4,17.0,0.031,1.0,1.0,1.0,0.02494416168971025,0.02494416168971025
82,2.8452671123361423E18,1.3,0.35,1.55,17.0,0.037,1.0,1.0,1.0,0.017871731876464285,0.017871731876464285
83,2.8452671123361423E18,1.3,0.4,1.4,16.0,0.035,1.0,1.0,1.0,0.02545987595256915,0.02545987595256915
84,2.8452671123361423E18,1.3,0.4,1.55,17.0,0.037,1.0,1.0,1.0,0.06250433888680959,0.06250433888680959
85,2.8452671123361423E18,1.3,0.4,1.7,17.0,0.031,1.0,1.0,1.0,0.09305066320905436,0.09305066320905436
86,2.8452671123361423E18,1.3,0.4,1.4,17.0,0.026,1.0,1.0,1.0,0.03330290928763347,0.03330290928763347
87,2.8452671123361423E18,1.3,0.4,1.4,17.0,0.037,1.0,1.0,1.0,0.03330290928763347,0.03330290928763347
88,2.8452671123361423E18,1.3,0.35,1.55,17.0,0.035,1.0,1.0,1.0,0.017871731876464285,0.017871731876464285
89,2.8452671123361423E18,1.3,0.4,1.55,17.0,0.035,1.0,1.0,1.0,0.06250433888680959,0.06250433888680959
90,2.8452671123361423E18,1.3,0.35,1.4,17.0,0.037,1.0,1.0,1.0,0.02494416168971025,0.02494416168971025
91,2.8452671123361423E18,1.3,0.35,1.4,13.5,0.037,1.0,1.0,1.0,0.0599044537472852,0.0599044537472852
92,2.8452671123361423E18,1.3,0.35,1.55,13.5,0.035,1.0,1.0,1.0,0.031309121598028906,0.031309121598028906
93,2.8452671123361423E18,1.3,0.35,0.65,17.0,0.035,1.0,1.0,1.0,0.1773277958549,0.1773277958549
94,2.8452671123361423E18,1.3,0.35,0.65,17.0,0.037,1.0,1.0,1.0,0.1773277958549,0.1773277958549
95,2.8452671123361423E18,1.3,0.35,1.4,17.0,0.035,1.0,1.0,1.0,0.02494416168971025,0.02494416168971025
96,2.8452671123361423E18,1.3,0.35,1.55,17.0,0.031,1.0,1.0,1.0,0.017871731876464285,0.017871731876464285
97,2.8452671123361423E18,1.3,0.35,0.65,17.0,0.039,1.0,1.0,1.0,0.1773277958549,0.1773277958549
98,2.8452671123361423E18,1.3,0.4,1.4,17.0,0.035,1.0,1.0,1.0,0.03330290928763347,0.03330290928763347
99,2.8452671123361423E18,1.3,0.35,1.55,8.0,0.035,1.0,1.0,1.0,0.08713284297099,0.08713284297099
100,2.8452671123361423E18,1.3,0.35,1.55,8.0,0.039,1.0,1.0,1.0,0.08713284297099,0.08713284297099
101,2.8452671123361423E18,1.3,0.35,1.55,16.0,0.039,1.0,1.0,1.0,0.015057659079918918,0.015057659079918918
102,2.8452671123361423E18,1.3,0.4,1.55,14.0,0.037,1.0,1.0,1.0,0.034979996012456896,0.034979996012456896
103,2.8452671123361423E18,1.3,0.35,1.55,20.5,0.035,1.0,1.0,1.0,0.049163755181364385,0.049163755181364385
104,2.8452671123361423E18,1.3,0.4,1.55,16.0,0.039,1.0,1.0,1.0,0.052794016314722844,0.052794016314722844
105,2.8452671123361423E18,3.8,0.35,1.4,14.0,0.037,1.0,1.0,1.0,1.2001263785886296,1.2001263785886296
106,2.8452671123361423E18,1.3,0.35,1.55,16.0,0.037,1.0,1.0,1.0,0.015057659079918918,0.015057659079918918
107,2.8452671123361423E18,1.4,0.35,1.55,16.0,0.039,1.0,1.0,1.0,0.05219778271121671,0.05219778271121671
108,2.8452671123361423E18,1.3,0.4,1.4,16.0,0.039,1.0,1.0,1.0,0.02545987595256915,0.02545987595256915
109,2.8452671123361423E18,1.3,0.4,1.4,16.0,0.037,1.0,1.0,1.0,0.02545987595256915,0.02545987595256915
110,2.8452671123361423E18,1.3,0.4,1.55,16.0,0.037,1.0,1.0,1.0,0.052794016314722844,0.052794016314722844
111,2.8452671123361423E18,1.3,0.8,1.55,16.0,0.039,1.0,1.0,1.0,0.46295610524631287,0.46295610524631287
112,2.8452671123361423E18,1.3,0.25,1.55,16.0,0.035,1.0,1.0,1.0,0.10501061153374466,0.10501061153374466
113,2.8452671123361423E18,1.3,0.35,1.55,17.0,0.04,1.0,1.0,1.0,0.017871731876464285,0.017871731876464285
114,2.8452671123361423E18,1.3,0.4,1.4,17.0,0.04,1.0,1.0,1.0,0.03330290928763347,0.03330290928763347
115,2.8452671123361423E18,1.3,0.35,1.55,17.0,0.016,1.0,1.0,1.0,0.017871731876464285,0.017871731876464285
116,2.8452671123361423E18,1.3,0.35,1.55,17.0,0.018,1.0,1.0,1.0,0.017871731876464285,0.017871731876464285
117,2.8452671123361423E18,1.3,0.35,1.55,22.0,0.04,1.0,1.0,1.0,0.06450216538295954,0.06450216538295954
118,2.8452671123361423E18,1.3,0.35,0.75,16.0,0.039,1.0,1.0,1.0,0.16713323408901695,0.16713323408901695
119,2.8452671123361423E18,1.3,0.3,1.55,17.0,0.031,1.0,1.0,1.0,0.04515698994848331,0.04515698994848331
120,2.8452671123361423E18,1.3,0.3,1.55,17.0,0.04,1.0,1.0,1.0,0.04515698994848331,0.04515698994848331
121,2.8452671123361423E18,1.3,0.35,1.55,17.0,0.034,1.0,1.0,1.0,0.017871731876464285,0.017871731876464285
122,2.8452671123361423E18,1.3,0.35,1.2,17.0,0.039,1.0,1.0,1.0,0.06376048818789894,0.06376048818789894
123,2.8452671123361423E18,1.3,0.45,1.55,16.0,0.037,1.0,1.0,1.0,0.10322224440820643,0.10322224440820643
124,2.8452671123361423E18,2.8,0.35,1.55,16.0,0.037,1.0,1.0,1.0,0.750051703068856,0.750051703068856
125,2.8452671123361423E18,1.3,0.35,1.55,14.5,0.035,1.0,1.0,1.0,0.022582289405945734,0.022582289405945734
126,2.8452671123361423E18,1.3,0.45,1.55,17.0,0.037,1.0,1.0,1.0,0.11314298245780054,0.11314298245780054
127,2.8452671123361423E18,1.3,0.7,1.55,16.0,0.035,1.0,1.0,1.0,0.3600002464667902,0.3600002464667902
128,2.8452671123361423E18,1.3,0.35,2.05,17.0,0.016,1.0,1.0,1.0,0.1158520789020987,0.1158520789020987
129,2.8452671123361423E18,1.3,0.35,2.05,16.0,0.035,1.0,1.0,1.0,0.10551470367132865,0.10551470367132865
130,2.8452671123361423E18,1.3,0.35,1.55,16.0,0.015,1.0,1.0,1.0,0.015057659079918918,0.015057659079918918
131,2.8452671123361423E18,1.3,0.35,2.05,17.0,0.031,1.0,1.0,1.0,0.1158520789020987,0.1158520789020987
132,2.8452671123361423E18,1.3,0.35,2.05,16.0,0.015,1.0,1.0,1.0,0.10551470367132865,0.10551470367132865
133,2.8452671123361423E18,3.0,0.35,1.55,16.0,0.039,1.0,1.0,1.0,0.8500227494475653,0.8500227494475653
134,2.8452671123361423E18,3.0,0.35,1.55,17.0,0.039,1.0,1.0,1.0,0.8602624845476483,0.8602624845476483
135,2.8452671123361423E18,1.3,0.35,1.55,16.0,0.04,1.0,1.0,1.0,0.015057659079918918,0.015057659079918918
136,2.8452671123361423E18,1.0,0.35,1.55,16.0,0.039,1.0,1.0,1.0,0.1507527895641312,0.1507527895641312
137,2.8452671123361423E18,1.3,0.35,1.55,16.0,0.021,1.0,1.0,1.0,0.015057659079918918,0.015057659079918918
138,2.8452671123361423E18,1.3,0.95,1.55,16.0,0.015,1.0,1.0,1.0,0.6174335884777679,0.6174335884777679
139,2.8452671123361423E18,1.3,0.35,2.05,17.0,0.039,1.0,1.0,1.0,0.1158520789020987,0.1158520789020987
140,2.8452671123361423E18,3.2,0.35,1.55,16.0,0.021,1.0,1.0,1.0,0.949997538436761,0.949997538436761
141,2.8452671123361423E18,1.3,0.25,1.55,17.0,0.039,1.0,1.0,1.0,0.09521584533315185,0.09521584533315185
142,2.8452671123361423E18,1.3,0.35,1.55,17.0,0.021,1.0,1.0,1.0,0.017871731876464285,0.017871731876464285
143,2.8452671123361423E18,1.3,0.35,1.55,7.5,0.035,1.0,1.0,1.0,0.0923633678959068,0.0923633678959068
144,2.8452671123361423E18,1.3,0.35,1.9,17.0,0.037,1.0,1.0,1.0,0.08492015946585706,0.08492015946585706
145,2.8452671123361423E18,1.4,0.35,1.55,16.0,0.037,1.0,1.0,1.0,0.05219778271121671,0.05219778271121671
146,2.8452671123361423E18,1.3,0.35,1.15,17.0,0.037,1.0,1.0,1.0,0.07395237617691873,0.07395237617691873
