id_sim,year,month,day,seed,CV Profit,Top20/Bottom20 Ratio,Bankruptcy Risk,Gini Index
91,2026,11,17,9.102023961735639E17,0.02608198307428813,1.0973377557240913,0.0,0.018575677611427182
96,2026,11,20,6.382099460904479E18,0.024635893804172585,1.0910555469470093,0.0,0.01755279979804783
83,2026,11,19,5.594090867782912E17,0.028108291605698738,1.1021255021506138,0.0,0.019708093692655755
84,2026,11,18,6.005986921513206E18,0.028785336732703354,1.1062852229689801,0.0,0.020299203741456197
95,2026,11,19,2.0171452079049892E18,0.020351877041616475,1.074792995227259,0.0,0.0144938974557606
90,2026,11,19,6.035458547893711E18,0.02486851940033361,1.0931622740807847,0.0,0.017662903502452802
93,2026,11,19,5.617863043828535E18,0.023244170659992524,1.0884324063838502,0.0,0.01677191372632625
81,2026,11,19,7.321516021041606E18,0.02248287040650355,1.0837327854715606,0.0,0.01614953370469517
92,2026,11,18,3.0200617878779566E18,0.022293694742108114,1.081796574684518,0.0,0.015795358571630214
88,2026,11,17,6.730945950873178E18,0.020840217120012505,1.0761364700916232,0.0,0.014768968888981503
82,2026,11,18,6.35493686753437E18,0.022159180747203914,1.081161168660342,0.0,0.015697566024342764
97,2026,11,21,1.8995490211313254E17,0.023387362492473203,1.0879504944783245,0.0,0.01678768576673737
80,2026,11,19,5.640733279973713E18,0.02512134997363424,1.0956914720941007,0.0,0.018147176420696225
86,2026,11,19,4.761185233657941E18,0.02244680071181617,1.0834260001531297,0.0,0.01605558553472177
94,2026,11,20,2.845830034239694E18,0.01737514150912919,1.0655931257535518,0.0,0.012563939968295025
87,2026,11,18,3.836345349235617E18,0.021683403904069552,1.0828607281336302,0.0,0.015784590827944874
99,2026,11,20,4.573612603220361E18,0.025806068080115097,1.0975870618000814,0.0,0.018557725160851177
85,2026,11,19,5.547295844673057E18,0.01680447329721925,1.0604169312611627,0.0,0.011824534389743811
98,2026,11,19,4.983645792114481E18,0.02594957447846334,1.09598776296899,0.0,0.01848340849154032
89,2026,11,18,4.5883026077742356E18,0.02445291262505067,1.0901610630593013,0.0,0.017291394232578954
87,2027,11,21,3.836345349235617E18,0.027460695141126288,1.1019614397026576,0.0,0.01951019225594327
92,2027,11,17,3.0200617878779566E18,0.024763846013198608,1.092760877520895,0.0,0.01774980443520799
99,2027,11,19,4.573612603220361E18,0.01960077574022854,1.0721329699825803,0.0,0.013969167199744045
91,2027,11,17,9.102023961735639E17,0.024015236002670505,1.091625480807662,0.0,0.017372418140807474
96,2027,11,19,6.382099460904479E18,0.024374375490960037,1.0902964533001946,0.0,0.01737495897733509
83,2027,11,19,5.594090867782912E17,0.028081066588662704,1.105821430409535,0.0,0.020175600079604696
86,2027,11,18,4.761185233657941E18,0.027629171334850242,1.1015384703602888,0.0,0.019559918515183603
97,2027,11,18,1.8995490211313254E17,0.0249260930006226,1.0942227539067166,0.0,0.017940217999938102
81,2027,11,18,7.321516021041606E18,0.03292163908698761,1.1219995860840137,0.0,0.02321687918880544
84,2027,11,19,6.005986921513206E18,0.026528778729674882,1.0989589233004586,0.0,0.018882172274505126
93,2027,11,19,5.617863043828535E18,0.030758293479899418,1.1119114366650702,0.0,0.021472452223898507
95,2027,11,18,2.0171452079049892E18,0.024886275335188203,1.0921797840902772,0.0,0.01767144119147761
80,2027,11,18,5.640733279973713E18,0.023889954918015162,1.0912513432343627,0.0,0.017296029377291473
90,2027,11,18,6.035458547893711E18,0.02507049024290441,1.0911341744440806,0.0,0.017546071545430298
94,2027,11,20,2.845830034239694E18,0.0255316635309702,1.093528531012606,0.0,0.017970287938646575
88,2027,11,20,6.730945950873178E18,0.02408711744767292,1.0900672499426045,0.0,0.017235504317778604
82,2027,11,19,6.35493686753437E18,0.027863616008276672,1.1042037065042671,0.0,0.019830633657007955
85,2027,11,18,5.547295844673057E18,0.02849078431175596,1.1061519987261939,0.0,0.020245923982643972
98,2027,11,18,4.983645792114481E18,0.025422335426830964,1.0944133000447032,0.0,0.018057433913784844
89,2027,11,18,4.5883026077742356E18,0.021425050250307543,1.0828359342853275,0.0,0.01568291940887516
97,2028,11,17,1.8995490211313254E17,0.020573282612033814,1.077565027958483,0.0,0.014897157176012168
92,2028,11,18,3.0200617878779566E18,0.024387954043557956,1.091591558191731,0.0,0.017481332297753168
94,2028,11,17,2.845830034239694E18,0.025243257430660776,1.0936437513828576,0.0,0.017937032475778745
87,2028,11,17,3.836345349235617E18,0.04750582336370648,1.1839767571222282,0.0,0.03368748216000405
99,2028,11,16,4.573612603220361E18,0.019386494957844794,1.0724619456678117,0.0,0.01400706957699852
91,2028,11,17,9.102023961735639E17,0.02278735474625905,1.086018587755236,0.0,0.016478782013124027
96,2028,11,18,6.382099460904479E18,0.023710176676398385,1.088726849738619,0.0,0.0168566648193176
83,2028,11,17,5.594090867782912E17,0.03213969689406775,1.1196413869120665,0.0,0.022677596013964386
81,2028,11,16,7.321516021041606E18,0.026080430384542705,1.0978580188171663,0.0,0.018614534056735268
80,2028,11,17,5.640733279973713E18,0.02713257146060907,1.0995300998173987,0.0,0.0191635081025488
90,2028,11,17,6.035458547893711E18,0.031382197673059574,1.118089862509198,0.0,0.02237967514549604
84,2028,11,15,6.005986921513206E18,0.029001158192056523,1.1064143712368557,0.0,0.02037896098250281
88,2028,11,18,6.730945950873178E18,0.020907769249759567,1.078611838934843,0.0,0.01504677226257304
86,2028,11,16,4.761185233657941E18,0.02905745037560797,1.1073860450109065,0.0,0.02063813511666355
93,2028,11,17,5.617863043828535E18,0.026122847435735133,1.0988558925016219,0.0,0.018791833760445416
82,2028,11,18,6.35493686753437E18,0.023742614418550242,1.0878140426486584,0.0,0.016894994071407404
95,2028,11,18,2.0171452079049892E18,0.023430086552031177,1.0856658040515097,0.0,0.016606868042747743
85,2028,11,18,5.547295844673057E18,0.025977459190257596,1.0971851595510638,0.0,0.018664590746633614
98,2028,11,17,4.983645792114481E18,0.027034010935835524,1.0991023028436087,0.0,0.01912001412244364
97,2029,11,18,1.8995490211313254E17,0.024932339635865223,1.0897948817611227,0.0,0.017495956568305368
89,2028,11,19,4.5883026077742356E18,0.018809784378315483,1.0713197390824247,0.0,0.013660125385607472
94,2029,11,18,2.845830034239694E18,0.020493350674293406,1.0756755157412259,0.0,0.01458331679131933
92,2029,11,19,3.0200617878779566E18,0.026676315277582217,1.0988188211981016,0.0,0.018922956251849494
87,2029,11,18,3.836345349235617E18,0.03564032230612639,1.1375181214969834,0.0,0.025625894484084134
91,2029,11,17,9.102023961735639E17,0.026653048844614256,1.097835525844956,0.0,0.018798044229902784
99,2029,11,17,4.573612603220361E18,0.02205821208914059,1.0834113282536786,0.0,0.015890001998838943
96,2029,11,19,6.382099460904479E18,0.020935804188573846,1.079739497380467,0.0,0.015231141818264652
83,2029,11,18,5.594090867782912E17,0.027473778558307092,1.1006853054842538,0.0,0.01939250248333608
81,2029,11,17,7.321516021041606E18,0.022047949506142844,1.0828480129682492,0.0,0.015793600689798924
80,2029,11,17,5.640733279973713E18,0.026850488991469097,1.099286165006756,0.0,0.01903118732316419
90,2029,11,19,6.035458547893711E18,0.034688852875945794,1.131635812125578,0.0,0.024507617639981865
88,2029,11,18,6.730945950873178E18,0.02390885101124894,1.0900970243781989,0.0,0.017164047966115467
84,2029,11,18,6.005986921513206E18,0.026837240765584067,1.0997127380159843,0.0,0.019025990003181358
86,2029,11,18,4.761185233657941E18,0.028694970642828752,1.106798362324395,0.0,0.020398216299977318
97,2030,11,17,1.8995490211313254E17,0.02337602094113833,1.086039874161227,0.0,0.016567079743707525
82,2029,11,18,6.35493686753437E18,0.020793165804968733,1.0799538179436536,0.0,0.015211241315692034
94,2030,11,17,2.845830034239694E18,0.02375928342637496,1.0862115638768768,0.0,0.016686834877996458
95,2029,11,18,2.0171452079049892E18,0.02266738843915412,1.082492038225055,0.0,0.016033955921892846
93,2029,11,18,5.617863043828535E18,0.0233079024655652,1.0878003101776106,0.0,0.016813140539926958
85,2029,11,19,5.547295844673057E18,0.02655474414274393,1.098646410227861,0.0,0.018755817397979446
98,2029,11,17,4.983645792114481E18,0.028543038235344136,1.1033973113088051,0.0,0.02002653282122904
89,2029,11,19,4.5883026077742356E18,0.023160540494245832,1.0859971854688224,0.0,0.01652111234194469
92,2030,11,18,3.0200617878779566E18,0.02876203724948182,1.1081508443958343,0.0,0.0206060619899098
87,2030,11,18,3.836345349235617E18,0.05097548235265776,1.1955067432932422,0.0,0.03593191946775122
80,2030,11,18,5.640733279973713E18,0.02811319842347807,1.1084106215835097,0.0,0.02036264347452966
91,2030,11,17,9.102023961735639E17,0.01921902685310833,1.0698981503882536,0.0,0.013633929400861722
99,2030,11,18,4.573612603220361E18,0.02378531498530572,1.089732940254118,0.0,0.017076534093945626
96,2030,11,18,6.382099460904479E18,0.025548565757771983,1.0957877980963924,0.0,0.018303846690941476
97,2031,11,18,1.8995490211313254E17,0.02181079939473567,1.0835658753525874,0.0,0.015850945520600925
94,2031,11,19,2.845830034239694E18,0.01916132212609149,1.0702197111729832,0.0,0.013691827250774929
83,2030,11,19,5.594090867782912E17,0.028807989897030154,1.1085087252762131,0.0,0.020563947019992045
81,2030,11,18,7.321516021041606E18,0.026640665156226883,1.098402866866252,0.0,0.018894622822095822
90,2030,11,16,6.035458547893711E18,0.036459720671035714,1.1376438347151527,0.0,0.025829300616241713
88,2030,11,19,6.730945950873178E18,0.02483017903979567,1.092568119591678,0.0,0.0177320278265439
84,2030,11,20,6.005986921513206E18,0.03106460413784962,1.1148559487086127,0.0,0.021927236930326156
93,2030,11,18,5.617863043828535E18,0.024088847820071407,1.090826650386268,0.0,0.017297970580293236
86,2030,11,17,4.761185233657941E18,0.03024470438129459,1.1137515027712022,0.0,0.021522577920278146
82,2030,11,17,6.35493686753437E18,0.02678745527045835,1.1000583094254666,0.0,0.019065526715317378
95,2030,11,18,2.0171452079049892E18,0.018584707379469982,1.0688101173975817,0.0,0.01335569318717827
85,2030,11,18,5.547295844673057E18,0.028026934369500076,1.103565592344222,0.0,0.01984359869507943
98,2030,11,18,4.983645792114481E18,0.02518742808466137,1.0924749063541395,0.0,0.017847401374772205
89,2030,11,19,4.5883026077742356E18,0.020463468273465336,1.0766206373723621,0.0,0.01475452935776188
92,2031,11,18,3.0200617878779566E18,0.025070074348408154,1.0943470892504894,0.0,0.01802557624652508
87,2031,11,18,3.836345349235617E18,0.05974532292425138,1.2347967295156381,0.0,0.04219044449381796
80,2031,11,18,5.640733279973713E18,0.02805825200925366,1.1064509111336085,0.0,0.020184008808955323
88,2031,11,18,6.730945950873178E18,0.016271127960813158,1.0613428183825795,0.0,0.011809243092577955
91,2031,11,19,9.102023961735639E17,0.025338238164760996,1.093592595545326,0.0,0.017987353785294004
93,2031,11,18,5.617863043828535E18,0.02257279530342291,1.0848165500499898,0.0,0.016249476704396568
99,2031,11,18,4.573612603220361E18,0.02288118676185768,1.082569857979869,0.0,0.016010812619540103
97,2032,11,16,1.8995490211313254E17,0.022838343979973044,1.0843597946406798,0.0,0.01624956347202704
94,2032,11,16,2.845830034239694E18,0.019851648208420274,1.0747295459384048,0.0,0.014363601547880253
96,2031,11,19,6.382099460904479E18,0.023430193972835817,1.087241573831377,0.0,0.016722295696697545
81,2031,11,18,7.321516021041606E18,0.02561903969302049,1.095550612201537,0.0,0.018249794375394195
83,2031,11,18,5.594090867782912E17,0.02145271739414888,1.0816459351686878,0.0,0.01563962979992834
90,2031,11,17,6.035458547893711E18,0.03169624831469413,1.119453252285646,0.0,0.022626844612896397
82,2031,11,18,6.35493686753437E18,0.02263166171951373,1.0851467335276892,0.0,0.016217337608070138
84,2031,11,19,6.005986921513206E18,0.02674904292093736,1.0997959308101826,0.0,0.01911877756234173
86,2031,11,16,4.761185233657941E18,0.02672444905767216,1.102161903132066,0.0,0.019288610828508135
95,2031,11,17,2.0171452079049892E18,0.02077695689745313,1.0777270458311552,0.0,0.014919285548938179
85,2031,11,16,5.547295844673057E18,0.028153211068509466,1.106519262754503,0.0,0.020189249710308246
98,2031,11,16,4.983645792114481E18,0.02255352943557362,1.083196091113615,0.0,0.015990329245823047
92,2032,11,17,3.0200617878779566E18,0.026274704649985155,1.0986351716640983,0.0,0.01877207437237784
87,2032,11,17,3.836345349235617E18,0.04285207033792924,1.1677784398745168,0.0,0.030873286808349918
88,2032,11,16,6.730945950873178E18,0.026477021236431992,1.0948459872897987,0.0,0.018453154904569103
80,2032,11,17,5.640733279973713E18,0.025106032653837474,1.094892192498251,0.0,0.018070981244845474
89,2031,11,19,4.5883026077742356E18,0.021426235084914598,1.078363556944069,0.0,0.015132349629093518
91,2032,11,17,9.102023961735639E17,0.024152660253656314,1.091688277607109,0.0,0.01740373811599357
93,2032,11,16,5.617863043828535E18,0.024609066437465615,1.0890174204851952,0.0,0.017249679545374572
99,2032,11,15,4.573612603220361E18,0.018866535532347177,1.0711787847855851,0.0,0.013640422432695698
97,2033,11,18,1.8995490211313254E17,0.021460773982481456,1.081512623622135,0.0,0.015553334907022315
96,2032,11,17,6.382099460904479E18,0.025081978123103216,1.0931175399763167,0.0,0.01783060757445415
94,2033,11,17,2.845830034239694E18,0.025187604146822147,1.0950095766165913,0.0,0.01807146239987657
81,2032,11,18,7.321516021041606E18,0.021900240574785363,1.0826471260136918,0.0,0.01575363824733393
82,2032,11,16,6.35493686753437E18,0.022183837374958625,1.0824982338176714,0.0,0.015893828298248057
83,2032,11,18,5.594090867782912E17,0.026077463267059137,1.095921336890984,0.0,0.018497804851329156
90,2032,11,17,6.035458547893711E18,0.03642361448472201,1.138290208151382,0.0,0.026046673534994746
84,2032,11,17,6.005986921513206E18,0.02816335921698947,1.1040947246412804,0.0,0.01989256184017042
86,2032,11,17,4.761185233657941E18,0.02849332403054243,1.106270195388541,0.0,0.020289833632729938
95,2032,11,16,2.0171452079049892E18,0.020720770807538837,1.0752594735203396,0.0,0.014641504932100917
85,2032,11,17,5.547295844673057E18,0.022724886332940585,1.0840398613975883,0.0,0.0161475984348099
98,2032,11,17,4.983645792114481E18,0.023996093115289618,1.0889549624221944,0.0,0.017137526921198118
92,2033,11,17,3.0200617878779566E18,0.02321483206471692,1.0856540552949234,0.0,0.016579382954658425
80,2033,11,19,5.640733279973713E18,0.02814178501405227,1.1065770705289835,0.0,0.020142051753513066
87,2033,11,18,3.836345349235617E18,0.05784062080199582,1.2277115349980572,0.0,0.04096947043389994
88,2033,11,18,6.730945950873178E18,0.02319297302183861,1.0879222704249634,0.0,0.016721470412730897
91,2033,11,18,9.102023961735639E17,0.022152297960820477,1.0836547785627584,0.0,0.015988951309378798
99,2033,11,17,4.573612603220361E18,0.023047939929471805,1.0880865674398683,0.0,0.016676311373118955
97,2034,11,18,1.8995490211313254E17,0.02224545904301356,1.0829605214133304,0.0,0.01588708320662389
93,2033,11,18,5.617863043828535E18,0.024361282346129515,1.0898193830185927,0.0,0.01729030257481775
96,2033,11,19,6.382099460904479E18,0.02250015008149212,1.0839614812451024,0.0,0.016137054790317556
94,2034,11,18,2.845830034239694E18,0.01976244580828825,1.0732048831150662,0.0,0.014093303404588326
81,2033,11,18,7.321516021041606E18,0.02607036462121018,1.0956736943484462,0.0,0.01837221428909808
82,2033,11,18,6.35493686753437E18,0.021854126203045655,1.0818547624645154,0.0,0.015648566557961822
89,2032,11,15,4.5883026077742356E18,0.01662448017500122,1.060759443792583,0.0,0.01181675496933863
83,2033,11,17,5.594090867782912E17,0.026342581543305068,1.0976975989477584,0.0,0.01865922960064469
90,2033,11,18,6.035458547893711E18,0.032107888206090576,1.1177765622797489,0.0,0.022582437109376203
84,2033,11,19,6.005986921513206E18,0.03055732709106211,1.1165495404331096,0.0,0.02187155091637736
86,2033,11,17,4.761185233657941E18,0.03510361824595332,1.1307169645874418,0.0,0.024683124705440897
95,2033,11,18,2.0171452079049892E18,0.019025655211493974,1.0698597232440443,0.0,0.01353851717193261
98,2033,11,18,4.983645792114481E18,0.024443750113911818,1.0936813746830991,0.0,0.017704900297285577
85,2033,11,17,5.547295844673057E18,0.026106058210268197,1.0984840120281734,0.0,0.018760088205143896
87,2034,11,19,3.836345349235617E18,0.05495513163988553,1.2175572968046187,0.0,0.0393178600875664
92,2034,11,16,3.0200617878779566E18,0.02530614152927614,1.092934547434327,0.0,0.0178259234046805
97,2035,11,18,1.8995490211313254E17,0.021723763098202845,1.080860014609369,0.0,0.015526076150502676
80,2034,11,17,5.640733279973713E18,0.03204368587455463,1.1160993020045336,0.0,0.022319453002190986
88,2034,11,18,6.730945950873178E18,0.026753685076656056,1.098352808995965,0.0,0.018886221384203743
82,2034,11,18,6.35493686753437E18,0.02225810160928874,1.0840806409050832,0.0,0.015956211939000358
91,2034,11,19,9.102023961735639E17,0.025177483695638665,1.09443527752521,0.0,0.018017620560445365
94,2035,11,16,2.845830034239694E18,0.01903479390007688,1.0710347093058963,0.0,0.013668067851785901
99,2034,11,18,4.573612603220361E18,0.02271525237851367,1.0828748511738233,0.0,0.01608836018606174
96,2034,11,18,6.382099460904479E18,0.02160258474573655,1.0830053522867484,0.0,0.015678933034367896
93,2034,11,16,5.617863043828535E18,0.023102460060847888,1.0881142146952785,0.0,0.016761707280495364
81,2034,11,17,7.321516021041606E18,0.02666803334912193,1.095085436678511,0.0,0.018635497573941236
83,2034,11,18,5.594090867782912E17,0.023785035371133655,1.089662042585078,0.0,0.017165853281030145
90,2034,11,18,6.035458547893711E18,0.028530527026853297,1.1064695494583854,0.0,0.0202593207142285
84,2034,11,18,6.005986921513206E18,0.03320453957672011,1.1242513424704434,0.0,0.023599128973672046
86,2034,11,17,4.761185233657941E18,0.029576858521699546,1.1108578745472715,0.0,0.021003529530901767
85,2034,11,18,5.547295844673057E18,0.02446105741757908,1.092937179015853,0.0,0.017639242005067373
89,2033,11,18,4.5883026077742356E18,0.01720218536289566,1.062479083995924,0.0,0.012182681978246424
98,2034,11,20,4.983645792114481E18,0.02451734847462386,1.0913664491038453,0.0,0.01756886737941412
95,2034,11,17,2.0171452079049892E18,0.019463460941199034,1.0712374086311605,0.0,0.01387420136582342
87,2035,11,18,3.836345349235617E18,0.06390136075531826,1.2613408485698938,0.0,0.04589706220384745
92,2035,11,16,3.0200617878779566E18,0.026589151551419096,1.0985442070641833,0.0,0.01892482812755687
80,2035,11,18,5.640733279973713E18,0.0287162062276131,1.1104877399554032,0.0,0.020754516950671698
94,2036,11,16,2.845830034239694E18,0.01949233379741538,1.072618792152202,0.0,0.013956907625656129
97,2036,11,16,1.8995490211313254E17,0.02543362566464005,1.0933327164577882,0.0,0.017925329620622633
88,2035,11,17,6.730945950873178E18,0.021593020378263095,1.081039111172818,0.0,0.015508104600817026
82,2035,11,18,6.35493686753437E18,0.0174875902680813,1.064725621407418,0.0,0.012539354711736221
91,2035,11,18,9.102023961735639E17,0.026080578242910185,1.0972120636276375,0.0,0.0185357930881676
81,2035,11,17,7.321516021041606E18,0.02465848880771195,1.0927951311949287,0.0,0.017699607568615307
85,2035,11,17,5.547295844673057E18,0.02555970801965936,1.0970961680350702,0.0,0.018442760845584133
93,2035,11,16,5.617863043828535E18,0.023382209485476722,1.0859531779687086,0.0,0.016546777339041214
96,2035,11,17,6.382099460904479E18,0.021090749541349915,1.079015951984976,0.0,0.015158900253517741
99,2035,11,17,4.573612603220361E18,0.023331596794765694,1.0863666935006349,0.0,0.016599105723962424
83,2035,11,16,5.594090867782912E17,0.023952146963178423,1.0904092187989125,0.0,0.01723172469870412
90,2035,11,17,6.035458547893711E18,0.02966024082358019,1.1108903803715977,0.0,0.021089421683147484
87,2036,11,15,3.836345349235617E18,0.06929621127348225,1.2802376051514996,0.0,0.04928932088479465
84,2035,11,16,6.005986921513206E18,0.03182353440094184,1.1185462418295848,0.0,0.022474231523846547
86,2035,11,18,4.761185233657941E18,0.02643153437625595,1.1000665697564573,0.0,0.019026281858950184
95,2035,11,17,2.0171452079049892E18,0.021353617501995846,1.0776656932408328,0.0,0.015000701939951308
98,2035,11,17,4.983645792114481E18,0.025381841186950863,1.0936103209050456,0.0,0.017998483314258844
89,2034,11,17,4.5883026077742356E18,0.02056637876139148,1.0745856210099798,0.0,0.014515985041414499
92,2036,11,14,3.0200617878779566E18,0.0252111388003734,1.0944615618854199,0.0,0.018080715231161528
80,2036,11,17,5.640733279973713E18,0.03143995845405938,1.119541648911123,0.0,0.022544490180195678
94,2037,11,18,2.845830034239694E18,0.01680492748836537,1.0622878463247416,0.0,0.012089584864106457
97,2037,11,17,1.8995490211313254E17,0.020328024533389975,1.0752137765143404,0.0,0.014513135345548146
85,2036,11,16,5.547295844673057E18,0.021355780624173322,1.0799139928976291,0.0,0.015341237691365781
88,2036,11,15,6.730945950873178E18,0.022582428049904124,1.0852325429279657,0.0,0.016344233223836706
91,2036,11,16,9.102023961735639E17,0.02761272735978606,1.1034345177434064,0.0,0.019763568953483777
81,2036,11,17,7.321516021041606E18,0.023275626119348997,1.0880209926005113,0.0,0.01681190602113498
82,2036,11,17,6.35493686753437E18,0.017847958566949373,1.0651665419074858,0.0,0.012675330743039698
93,2036,11,15,5.617863043828535E18,0.026069454012439562,1.0955162212512333,0.0,0.018376932340773488
99,2036,11,16,4.573612603220361E18,0.019618062027215062,1.0733795566232716,0.0,0.01415161562315085
96,2036,11,16,6.382099460904479E18,0.018955466490898566,1.0698785334930438,0.0,0.013520751129288093
83,2036,11,17,5.594090867782912E17,0.02413198247434906,1.0898214134828021,0.0,0.017254282039361517
90,2036,11,16,6.035458547893711E18,0.03327509468570745,1.1221330331026202,0.0,0.02327761699149383
87,2037,11,19,3.836345349235617E18,0.04973094433167603,1.1902830436042262,0.0,0.03503242420218866
84,2036,11,17,6.005986921513206E18,0.025532700474696763,1.0953062894248007,0.0,0.018310161457694582
86,2036,11,17,4.761185233657941E18,0.02857519056674243,1.107045361660846,0.0,0.020312042946796893
98,2036,11,16,4.983645792114481E18,0.023069072705344237,1.0842161306990292,0.0,0.01624115843273065
95,2036,11,16,2.0171452079049892E18,0.01795897744807739,1.0650703894364166,0.0,0.012754988369768464
89,2035,11,18,4.5883026077742356E18,0.01736876586097126,1.0638434977368783,0.0,0.012376604707105191
92,2037,11,17,3.0200617878779566E18,0.02342453938984924,1.085537368599295,0.0,0.01654516064965534
80,2037,11,17,5.640733279973713E18,0.028577907528200486,1.108055429225096,0.0,0.020492574641532764
85,2037,11,17,5.547295844673057E18,0.02911981693360367,1.1057103001471267,0.0,0.020441209156413752
94,2038,11,17,2.845830034239694E18,0.019476962711714427,1.0727066058266095,0.0,0.014009230680378737
81,2037,11,17,7.321516021041606E18,0.024059143259631714,1.0902552741715539,0.0,0.01727680090543794
91,2037,11,16,9.102023961735639E17,0.025087466303975483,1.0931619094959633,0.0,0.017780819986058113
97,2038,11,17,1.8995490211313254E17,0.017921227762685284,1.0643701787665398,0.0,0.012630435297675295
88,2037,11,18,6.730945950873178E18,0.024377969263110214,1.0920649207869295,0.0,0.017619507234578554
82,2037,11,17,6.35493686753437E18,0.017059574265926716,1.0639289054162708,0.0,0.01235988719087822
99,2037,11,17,4.573612603220361E18,0.0228913268171109,1.08453299294207,0.0,0.016337965696540946
93,2037,11,18,5.617863043828535E18,0.025758379075340156,1.0963132544184784,0.0,0.01834848775158885
87,2038,11,17,3.836345349235617E18,0.07647891321782317,1.3091826962475148,0.0,0.05387915711610162
96,2037,11,18,6.382099460904479E18,0.01828846146393953,1.0663561563721973,0.0,0.012918369962558926
83,2037,11,18,5.594090867782912E17,0.02419128112402446,1.0873771883102028,0.0,0.016935285646338467
90,2037,11,17,6.035458547893711E18,0.02583976240535855,1.0984050288988065,0.0,0.01867628870346628
86,2037,11,18,4.761185233657941E18,0.02759571601330018,1.1021718309695734,0.0,0.019494473507494517
95,2037,11,18,2.0171452079049892E18,0.01603260617025052,1.0603431502453857,0.0,0.011647699017329162
84,2037,11,17,6.005986921513206E18,0.026933599853462175,1.101602682388468,0.0,0.019287609408260773
89,2036,11,18,4.5883026077742356E18,0.01934775824865836,1.071840568859156,0.0,0.013880957543494074
98,2037,11,16,4.983645792114481E18,0.026798964840395203,1.0984099352864438,0.0,0.018891395906052766
92,2038,11,16,3.0200617878779566E18,0.023448753757327544,1.0881511676182494,0.0,0.01685309063743497
80,2038,11,17,5.640733279973713E18,0.030217440668134452,1.117355188598926,0.0,0.021898528578286044
94,2039,11,15,2.845830034239694E18,0.014477834419461157,1.0536951517527293,0.0,0.01042177729329893
85,2038,11,18,5.547295844673057E18,0.025059758185776163,1.093926353858015,0.0,0.017929885999540884
81,2038,11,17,7.321516021041606E18,0.02377566227165784,1.088692444081601,0.0,0.01701437713339284
91,2038,11,16,9.102023961735639E17,0.01912092954505546,1.0707621304960808,0.0,0.013593101978872073
97,2039,11,17,1.8995490211313254E17,0.015695389317761294,1.0576420483454287,0.0,0.011190414234729737
88,2038,11,18,6.730945950873178E18,0.02625224719358896,1.0968921177943418,0.0,0.018595749102185876
82,2038,11,17,6.35493686753437E18,0.020532468386202814,1.0755081449216923,0.0,0.01458085980611992
99,2038,11,18,4.573612603220361E18,0.023390508206074453,1.0896201424266116,0.0,0.016959162198847164
96,2038,11,18,6.382099460904479E18,0.01919585352650499,1.0717308754545196,0.0,0.013800460315878931
87,2039,11,17,3.836345349235617E18,0.09903281745510775,1.4445199540423592,0.0,0.07172083442311615
93,2038,11,18,5.617863043828535E18,0.024518962468792233,1.0923541285604776,0.0,0.017630877906057853
83,2038,11,17,5.594090867782912E17,0.024193141410263398,1.090129195541762,0.0,0.01731314310458892
90,2038,11,17,6.035458547893711E18,0.026202306679836522,1.096148468744011,0.0,0.01850610538448563
86,2038,11,18,4.761185233657941E18,0.02727363567223097,1.1014878415900413,0.0,0.01932464559400294
95,2038,11,18,2.0171452079049892E18,0.01555913785181188,1.0573248457442759,0.0,0.011164535747742461
84,2038,11,17,6.005986921513206E18,0.02496440287674308,1.0949450760149768,0.0,0.017934650921309418
89,2037,11,18,4.5883026077742356E18,0.0165619892366536,1.0620935447903965,0.0,0.01196296267573704
98,2038,11,18,4.983645792114481E18,0.018859751576307905,1.0696835306519827,0.0,0.013532188904456103
92,2039,11,18,3.0200617878779566E18,0.02425818369582552,1.0903182405608063,0.0,0.017298922400601904
80,2039,11,18,5.640733279973713E18,0.023898884158969104,1.0875956701928584,0.0,0.01692351361647924
94,2040,11,15,2.845830034239694E18,0.018259230922085198,1.0664135177387626,0.0,0.012916176657943734
91,2039,11,18,9.102023961735639E17,0.020267405577873543,1.074573910066822,0.0,0.014434688069439865
85,2039,11,18,5.547295844673057E18,0.030794211993072685,1.1134363460734333,0.0,0.021610412636203627
81,2039,11,16,7.321516021041606E18,0.02212337003201025,1.0840369649705397,0.0,0.01599230732477575
96,2039,11,16,6.382099460904479E18,0.01885476352640759,1.071689342641491,0.0,0.013755650624284717
97,2040,11,16,1.8995490211313254E17,0.01910663811612013,1.0706557577420963,0.0,0.013574590678107321
88,2039,11,17,6.730945950873178E18,0.024329889313733193,1.0873216279977893,0.0,0.01702579453643684
99,2039,11,18,4.573612603220361E18,0.022582825877447848,1.0857235361649393,0.0,0.016359802848751277
82,2039,11,16,6.35493686753437E18,0.022159481762914927,1.0809236401193452,0.0,0.015683580067221786
87,2040,11,16,3.836345349235617E18,0.061515902178080964,1.256350408495067,0.0,0.04477502255573713
93,2039,11,17,5.617863043828535E18,0.025777526513206552,1.0977017257005068,0.0,0.018584109226199578
89,2038,11,18,4.5883026077742356E18,0.016196192314360133,1.0595961115623063,0.0,0.01159723362319802
83,2039,11,17,5.594090867782912E17,0.02218686012911175,1.0832133834990967,0.0,0.015903830966432497
90,2039,11,18,6.035458547893711E18,0.030442988437163886,1.1147312086987984,0.0,0.021747139459965186
84,2039,11,16,6.005986921513206E18,0.027796720352037382,1.1033849350705462,0.0,0.019680440613113605
86,2039,11,17,4.761185233657941E18,0.026085624562768837,1.0974405440302601,0.0,0.0185593350046139
95,2039,11,18,2.0171452079049892E18,0.015186357083134878,1.0543685197274446,0.0,0.010692393271898984
80,2040,11,15,5.640733279973713E18,0.027711903714870183,1.1027607725903712,0.0,0.019687919547462452
98,2039,11,16,4.983645792114481E18,0.020094075695275975,1.0747130119089061,0.0,0.014355950115857233
91,2040,11,15,9.102023961735639E17,0.021600074762091546,1.0801031504195082,0.0,0.015468868188431097
92,2040,11,17,3.0200617878779566E18,0.02354706829298774,1.0869010979147815,0.0,0.016679692452821956
94,2041,11,16,2.845830034239694E18,0.0162195024358412,1.0592523435546968,0.0,0.011509670204485059
85,2040,11,16,5.547295844673057E18,0.029064154118753256,1.1065139135107636,0.0,0.020504402952739975
97,2041,11,17,1.8995490211313254E17,0.016850577860555622,1.0616585200065967,0.0,0.012035450905405299
81,2040,11,17,7.321516021041606E18,0.0201401859129698,1.07411940485814,0.0,0.014374432654604015
87,2041,11,18,3.836345349235617E18,0.06773424344157059,1.2743149257032567,0.0,0.04838561720817159
96,2040,11,16,6.382099460904479E18,0.017066523131485784,1.0620307311148613,0.0,0.012079519484862187
83,2040,11,16,5.594090867782912E17,0.022412449177001807,1.0834166679036712,0.0,0.01598804123632968
88,2040,11,15,6.730945950873178E18,0.022503035427175796,1.0856879420584427,0.0,0.016328413816514745
82,2040,11,16,6.35493686753437E18,0.01957077498693162,1.0717428784351,0.0,0.01384747294439578
99,2040,11,16,4.573612603220361E18,0.022246672416870814,1.0804980240633686,0.0,0.015549866862193572
95,2040,11,16,2.0171452079049892E18,0.015828457184079592,1.0575895938132247,0.0,0.011235953214655904
93,2040,11,15,5.617863043828535E18,0.032301347099452905,1.1194901632155787,0.0,0.02282965695546468
89,2039,11,16,4.5883026077742356E18,0.01794243250703526,1.0656654833827282,0.0,0.012750135770154615
90,2040,11,17,6.035458547893711E18,0.02648264395517556,1.0967747568439785,0.0,0.018656381067668374
84,2040,11,14,6.005986921513206E18,0.029645057193882617,1.1081078270768436,0.0,0.020831142165741882
86,2040,11,16,4.761185233657941E18,0.02580713586222446,1.0950761686181336,0.0,0.0182988556437266
98,2040,11,15,4.983645792114481E18,0.02055868823222898,1.0782085245585216,0.0,0.014969536405670517
80,2041,11,17,5.640733279973713E18,0.028557963735834614,1.1037128308315682,0.0,0.019909367117910876
91,2041,11,17,9.102023961735639E17,0.020033700287666625,1.0725528148464225,0.0,0.014094759582793766
97,2042,11,17,1.8995490211313254E17,0.014659603134955377,1.0544235986823225,0.0,0.010544293986658657
92,2041,11,16,3.0200617878779566E18,0.022527817101865456,1.082249903486388,0.0,0.015969789875068585
94,2042,11,15,2.845830034239694E18,0.01917547253083376,1.0714419738252998,0.0,0.013738918685393512
85,2041,11,16,5.547295844673057E18,0.03332816893907652,1.1262233573354008,0.0,0.023776969932925725
87,2042,11,17,3.836345349235617E18,0.0858377924237272,1.3621761824896537,0.0,0.06080930667183708
81,2041,11,17,7.321516021041606E18,0.022298497892118106,1.0817520069536082,0.0,0.015769393104170717
96,2041,11,16,6.382099460904479E18,0.021785464187932157,1.0807733275280853,0.0,0.015514756241693958
83,2041,11,17,5.594090867782912E17,0.01848558367122201,1.0693861292593072,0.0,0.013431680815947216
88,2041,11,16,6.730945950873178E18,0.027106048704238918,1.1019267036152387,0.0,0.019364983928510947
99,2041,11,17,4.573612603220361E18,0.02184621790855179,1.0805433173442025,0.0,0.015470459565892214
82,2041,11,17,6.35493686753437E18,0.020755362734183352,1.0761258838833718,0.0,0.014758514084472908
95,2041,11,17,2.0171452079049892E18,0.013054188185672128,1.0491177546952473,0.0,0.009508598790290201
93,2041,11,17,5.617863043828535E18,0.028752065994769375,1.1089765911476293,0.0,0.020462391517509632
89,2040,11,16,4.5883026077742356E18,0.015818627295078352,1.0568109835927668,0.0,0.011163493338299623
84,2041,11,17,6.005986921513206E18,0.02216278306097664,1.0831370654154693,0.0,0.015947692027572326
90,2041,11,17,6.035458547893711E18,0.025708663132609454,1.0944651149361173,0.0,0.01817843842665044
86,2041,11,16,4.761185233657941E18,0.025633216209352133,1.0942610434084077,0.0,0.018120545578487687
80,2042,11,18,5.640733279973713E18,0.025915316435307277,1.0943924798587092,0.0,0.01826016242732721
98,2041,11,16,4.983645792114481E18,0.02311892144207333,1.0861995816242662,0.0,0.016500963671837465
91,2042,11,17,9.102023961735639E17,0.020699749082741734,1.0771470707109438,0.0,0.014821426702846701
92,2042,11,17,3.0200617878779566E18,0.02044043156126333,1.0744057958029685,0.0,0.014462301568526355
94,2043,11,16,2.845830034239694E18,0.013319971415284177,1.049076078015974,0.0,0.009567378077194792
97,2043,11,18,1.8995490211313254E17,0.019680320876045307,1.0710161132590337,0.0,0.013867390909136504
87,2043,11,17,3.836345349235617E18,0.03831579975068326,1.153815890562496,0.0,0.02807694001003095
85,2042,11,18,5.547295844673057E18,0.031345700585343285,1.118474674594126,0.0,0.022388517739205544
81,2042,11,16,7.321516021041606E18,0.01818470859523691,1.0694784562925288,0.0,0.013264959082664726
96,2042,11,16,6.382099460904479E18,0.01554376109605035,1.0572828935714877,0.0,0.01117644409157265
82,2042,11,16,6.35493686753437E18,0.01987997625287724,1.0729968742617506,0.0,0.014154421687326882
83,2042,11,17,5.594090867782912E17,0.02769118442795522,1.1037749677717987,0.0,0.019793890264634264
88,2042,11,17,6.730945950873178E18,0.022981498433508652,1.0880613684058396,0.0,0.01675268710799878
89,2041,11,16,4.5883026077742356E18,0.019615778043828577,1.0728921397321993,0.0,0.014019930054055236
99,2042,11,15,4.573612603220361E18,0.018308120147393445,1.0672340997685776,0.0,0.013051757361680127
95,2042,11,18,2.0171452079049892E18,0.013426193704147292,1.0499591414072142,0.0,0.009717324963600256
93,2042,11,18,5.617863043828535E18,0.02821287997246434,1.1055366759959395,0.0,0.020135053291699068
90,2042,11,16,6.035458547893711E18,0.02316468567172109,1.0867624406569711,0.0,0.016615918611331583
94,2044,11,16,2.845830034239694E18,0.01527184376357884,1.054940303805261,0.0,0.010775730533524564
84,2042,11,17,6.005986921513206E18,0.020366250230330625,1.074539275651403,0.0,0.014449144969115807
86,2042,11,17,4.761185233657941E18,0.028624073240291186,1.1084460977473667,0.0,0.020641883116450262
80,2043,11,18,5.640733279973713E18,0.023639069074455992,1.088477458184147,0.0,0.016971348551415032
98,2042,11,16,4.983645792114481E18,0.02026076447644154,1.0756556191464315,0.0,0.01452615880789219
91,2043,11,17,9.102023961735639E17,0.023589092922266783,1.0880999463670487,0.0,0.01690880660625785
92,2043,11,16,3.0200617878779566E18,0.019842728701926368,1.0727741664166124,0.0,0.014104057923497244
82,2043,11,17,6.35493686753437E18,0.01825039563063629,1.0685083138847662,0.0,0.013201753764476737
97,2044,11,15,1.8995490211313254E17,0.01859023324555647,1.0691305635310535,0.0,0.013314713292406221
87,2044,11,15,3.836345349235617E18,0.05399597471158523,1.210053877666614,0.0,0.038332220081667145
85,2043,11,16,5.547295844673057E18,0.029814084307561318,1.1146776005179797,0.0,0.021504878797469856
89,2042,11,16,4.5883026077742356E18,0.017223626778285896,1.0622298289279246,0.0,0.01217279880605797
81,2043,11,16,7.321516021041606E18,0.01612440688643876,1.0614747358556846,0.0,0.01182810829881463
88,2043,11,16,6.730945950873178E18,0.022229528635048464,1.083046535777699,0.0,0.015903383344056863
96,2043,11,17,6.382099460904479E18,0.016334430784441818,1.0591229811446026,0.0,0.011614382517020318
83,2043,11,17,5.594090867782912E17,0.028120311883324603,1.104512220353771,0.0,0.020016532735352786
99,2043,11,17,4.573612603220361E18,0.01639640680629897,1.0604971441271909,0.0,0.011777876685316874
93,2043,11,17,5.617863043828535E18,0.029746134051241217,1.1107524362872117,0.0,0.021068104265289104
95,2043,11,16,2.0171452079049892E18,0.014182132256160785,1.052726488348783,0.0,0.010178834788289497
94,2045,11,16,2.845830034239694E18,0.013889921135004757,1.0516992564207628,0.0,0.01001075240568247
90,2043,11,16,6.035458547893711E18,0.017183059447512493,1.0662090174146317,0.0,0.012677392140144446
84,2043,11,16,6.005986921513206E18,0.019504038614304147,1.0729287208962588,0.0,0.014070209425368404
80,2044,11,14,5.640733279973713E18,0.033179613938818825,1.124466429499543,0.0,0.023517589292951346
86,2043,11,17,4.761185233657941E18,0.027317308066121777,1.102285636046464,0.0,0.019567825376047412
91,2044,11,16,9.102023961735639E17,0.02577597023132242,1.0943324636867775,0.0,0.018247700874357505
82,2044,11,15,6.35493686753437E18,0.020535403069672997,1.0753173255824708,0.0,0.014588069236654752
92,2044,11,17,3.0200617878779566E18,0.018717887694397858,1.0673920868634752,0.0,0.013146584493827317
97,2045,11,17,1.8995490211313254E17,0.016723228566466353,1.0610940322827032,0.0,0.011914064386198416
81,2044,11,15,7.321516021041606E18,0.019255791168702813,1.0700525278722994,0.0,0.013608266990593582
98,2043,11,17,4.983645792114481E18,0.02156399812191401,1.0802851024243156,0.0,0.015399532776280474
87,2045,11,17,3.836345349235617E18,0.05161251836264759,1.198919075543973,0.0,0.036429669956604176
89,2043,11,17,4.5883026077742356E18,0.01766902649192929,1.0642820804601034,0.0,0.012570394093274933
85,2044,11,15,5.547295844673057E18,0.024317178664513783,1.0913642631047737,0.0,0.017475016741151435
88,2044,11,16,6.730945950873178E18,0.024192437682685256,1.0896110852949095,0.0,0.017168883249630174
96,2044,11,15,6.382099460904479E18,0.018930721358147235,1.0699638671331928,0.0,0.013526557285713201
83,2044,11,16,5.594090867782912E17,0.02520047143537859,1.0922876793737861,0.0,0.017876750324601995
99,2044,11,15,4.573612603220361E18,0.017129231204571663,1.0641636994466654,0.0,0.012325683498745318
93,2044,11,17,5.617863043828535E18,0.02418267355737993,1.0881110640606226,0.0,0.017059787779397994
94,2046,11,17,2.845830034239694E18,0.013464266011402132,1.049969776181814,0.0,0.009718961166176453
95,2044,11,14,2.0171452079049892E18,0.014294433005402868,1.052323564516294,0.0,0.010163309365002902
90,2044,11,16,6.035458547893711E18,0.02320162114429607,1.085571772524035,0.0,0.01640573875584913
84,2044,11,17,6.005986921513206E18,0.020445313821935047,1.0779797798737396,0.0,0.014863155059528356
80,2045,11,18,5.640733279973713E18,0.029648678014381796,1.1133187690315194,0.0,0.021337380234881395
86,2044,11,16,4.761185233657941E18,0.02898750480423725,1.1042146230073295,0.0,0.02019799384549119
97,2046,11,15,1.8995490211313254E17,0.016128189782558578,1.0593569692696387,0.0,0.011532837350500471
87,2046,11,18,3.836345349235617E18,0.04451582091095756,1.1742251643267434,0.0,0.031967586487101955
91,2045,11,16,9.102023961735639E17,0.02332605127637987,1.0868725659007208,0.0,0.016586571917721383
98,2044,11,15,4.983645792114481E18,0.019725706912505928,1.072837420069679,0.0,0.014042665230041025
82,2045,11,17,6.35493686753437E18,0.018981535890721483,1.0676590391249903,0.0,0.013282335229237446
92,2045,11,17,3.0200617878779566E18,0.016833317138947954,1.0624689774527045,0.0,0.012151052619108574
81,2045,11,18,7.321516021041606E18,0.015893070757550778,1.0587861945113377,0.0,0.011429461942948336
89,2044,11,16,4.5883026077742356E18,0.018484303914319794,1.067463526372288,0.0,0.013130049229388659
85,2045,11,16,5.547295844673057E18,0.02738794728308922,1.1042420003351132,0.0,0.019760704626083595
88,2045,11,16,6.730945950873178E18,0.021592351809785144,1.0804093028466388,0.0,0.015512413067382328
96,2045,11,17,6.382099460904479E18,0.016443252593460935,1.0599720243660407,0.0,0.011706048505191706
83,2045,11,16,5.594090867782912E17,0.027958585360931404,1.1033422060625742,0.0,0.019781511616526744
93,2045,11,16,5.617863043828535E18,0.02249279778381399,1.085463157997843,0.0,0.016286078357261768
99,2045,11,16,4.573612603220361E18,0.017462280661898158,1.065221438309388,0.0,0.012573956125905833
94,2047,11,16,2.845830034239694E18,0.012383951487179058,1.0453250167225374,0.0,0.008861069111356215
95,2045,11,17,2.0171452079049892E18,0.012762896545980588,1.0473360032310852,0.0,0.00921135709810015
84,2045,11,17,6.005986921513206E18,0.02557648545090868,1.0968898646398781,0.0,0.01830519616979687
90,2045,11,16,6.035458547893711E18,0.022564491493551584,1.0836881351155436,0.0,0.01607648081422973
87,2047,11,16,3.836345349235617E18,0.037018856360252796,1.1406589844067745,0.0,0.026377295024584545
97,2047,11,15,1.8995490211313254E17,0.014773161987097884,1.0545932612995812,0.0,0.010594549423498363
80,2046,11,16,5.640733279973713E18,0.0468040990979885,1.1724651169506701,0.0,0.032419833187500094
86,2045,11,17,4.761185233657941E18,0.032694477096328264,1.122584492468925,0.0,0.023216147708852677
82,2046,11,15,6.35493686753437E18,0.015201244046198473,1.0567317495965087,0.0,0.010940910351872262
91,2046,11,17,9.102023961735639E17,0.020757108295082198,1.0756755635226734,0.0,0.014704248780842472
81,2046,11,17,7.321516021041606E18,0.01864071221678451,1.0693576013345465,0.0,0.013398695688560705
92,2046,11,16,3.0200617878779566E18,0.017965821245708342,1.0674791950992486,0.0,0.013004330370143313
98,2045,11,17,4.983645792114481E18,0.01893717492739847,1.0704072107928873,0.0,0.01361666841840511
96,2046,11,16,6.382099460904479E18,0.020935410933677068,1.0768950015916963,0.0,0.014883334653679569
89,2045,11,16,4.5883026077742356E18,0.015615810139316203,1.0584934944561823,0.0,0.011289881769216087
85,2046,11,17,5.547295844673057E18,0.025764213783095014,1.0957467124429594,0.0,0.01825408578231335
88,2046,11,16,6.730945950873178E18,0.019871022594173653,1.0724015292604585,0.0,0.014103814105856052
83,2046,11,16,5.594090867782912E17,0.02204133248551953,1.078583709332626,0.0,0.01543783546030661
93,2046,11,16,5.617863043828535E18,0.0292159783147217,1.1075184139111043,0.0,0.02055542474550313
99,2046,11,15,4.573612603220361E18,0.016762228246248297,1.0608824256483154,0.0,0.011921448036465531
94,2048,11,14,2.845830034239694E18,0.014330173841334105,1.0512945558043492,0.0,0.010123783369065269
95,2046,11,16,2.0171452079049892E18,0.015313141241344481,1.0554865677674343,0.0,0.010869935104135722
84,2046,11,17,6.005986921513206E18,0.019965751052374383,1.0745249975734879,0.0,0.014372625377398052
90,2046,11,16,6.035458547893711E18,0.01710498948640906,1.0629600058030502,0.0,0.012252163744822617
87,2048,11,15,3.836345349235617E18,0.03416358540488046,1.132150112343889,0.0,0.024794609588801045
80,2047,11,15,5.640733279973713E18,0.04088522923569347,1.1558539335456817,0.0,0.028951904843865926
97,2048,11,15,1.8995490211313254E17,0.014435555701939419,1.0536211772517756,0.0,0.010402704151529017
86,2046,11,15,4.761185233657941E18,0.03781836658650295,1.1460112237095186,0.0,0.027170209481636898
82,2047,11,17,6.35493686753437E18,0.015581704699533846,1.0569088575747088,0.0,0.011106188896294182
91,2047,11,15,9.102023961735639E17,0.023947683880014406,1.0892437055110806,0.0,0.01709251699218188
81,2047,11,15,7.321516021041606E18,0.01590538585029319,1.0592812204409068,0.0,0.011431808659702449
92,2047,11,17,3.0200617878779566E18,0.017543644574746962,1.064578634399078,0.0,0.012594260405211046
98,2046,11,16,4.983645792114481E18,0.020933549267418427,1.0775767198688333,0.0,0.014993498471344806
89,2046,11,16,4.5883026077742356E18,0.016850949569784612,1.0631532466545706,0.0,0.012128428496809982
96,2047,11,16,6.382099460904479E18,0.015938158031850797,1.058604608370937,0.0,0.011411647570538138
85,2047,11,15,5.547295844673057E18,0.024748131489918855,1.0933092895101273,0.0,0.01775136816145311
88,2047,11,17,6.730945950873178E18,0.02199759957082626,1.0830710475741037,0.0,0.015890064750834026
83,2047,11,16,5.594090867782912E17,0.027149924426951983,1.0969195518064787,0.0,0.018756681354154647
93,2047,11,16,5.617863043828535E18,0.021514227696256247,1.0803732211061945,0.0,0.015406135551269247
99,2047,11,16,4.573612603220361E18,0.01795612953600864,1.0648629901171554,0.0,0.012629843536907047
94,2049,11,15,2.845830034239694E18,0.012756589453242328,1.046356435487885,0.0,0.009091412914036446
84,2047,11,16,6.005986921513206E18,0.024328269002237234,1.0925064036021428,0.0,0.017568200083703016
95,2047,11,17,2.0171452079049892E18,0.013958655344789772,1.0512636324771838,0.0,0.010014512784294388
87,2049,11,16,3.836345349235617E18,0.04319060151620522,1.1644798457200705,0.0,0.030620745099610772
80,2048,11,15,5.640733279973713E18,0.031091490283570236,1.1200356156568265,0.0,0.022501464955806603
90,2047,11,15,6.035458547893711E18,0.022112089959463902,1.0818013271627103,0.0,0.015775077286049956
97,2049,11,15,1.8995490211313254E17,0.01518362567117702,1.0551426300691418,0.0,0.010793983903220877
86,2047,11,15,4.761185233657941E18,0.037691879749999754,1.1427982244267791,0.0,0.0267218222336484
82,2048,11,14,6.35493686753437E18,0.0190430687485746,1.0702817735277297,0.0,0.013629256072493361
91,2048,11,14,9.102023961735639E17,0.02490296486770595,1.0926221036683013,0.0,0.01779480526624762
81,2048,11,14,7.321516021041606E18,0.01915578575796436,1.0685785217500616,0.0,0.013467312745165659
96,2048,11,16,6.382099460904479E18,0.014994767016517589,1.0552281303474982,0.0,0.0107860044950524
92,2048,11,16,3.0200617878779566E18,0.021414560886795705,1.0786066665822036,0.0,0.015302591035122708
89,2047,11,17,4.5883026077742356E18,0.015026489753550958,1.0574257978271866,0.0,0.011037505517584723
98,2047,11,15,4.983645792114481E18,0.01967228167526104,1.0725943846739163,0.0,0.01406012181497416
88,2048,11,13,6.730945950873178E18,0.02197222123236296,1.080515177620135,0.0,0.015594472630143498
85,2048,11,15,5.547295844673057E18,0.030097329420188376,1.1131480238967413,0.0,0.02130084255763394
83,2048,11,15,5.594090867782912E17,0.02361148648856412,1.0859670169049844,0.0,0.016522572993117983
95,2048,11,17,2.0171452079049892E18,0.014979514887128892,1.0550660033790789,0.0,0.01066540178168922
80,2049,11,15,5.640733279973713E18,0.03720885716864576,1.1441364701951076,0.0,0.02676511213652811
97,2050,11,15,1.8995490211313254E17,0.01312690954792283,1.0487396295683415,0.0,0.009451728757440237
93,2048,11,15,5.617863043828535E18,0.021983884781717998,1.0840043771372248,0.0,0.015984335544700957
99,2048,11,15,4.573612603220361E18,0.014901625804958712,1.0551702856188065,0.0,0.01070453404904225
94,2050,11,17,2.845830034239694E18,0.011508682708746302,1.0428584300294683,0.0,0.008347398237550192
84,2048,11,15,6.005986921513206E18,0.025837024635177504,1.0967915115918618,0.0,0.01852389477819296
87,2050,11,15,3.836345349235617E18,0.045177452493193944,1.17099500841546,0.0,0.03173920791702997
90,2048,11,15,6.035458547893711E18,0.02052104724748515,1.075427506397491,0.0,0.014642567006124483
86,2048,11,15,4.761185233657941E18,0.028470762797807216,1.1078662850414076,0.0,0.020464117626653212
82,2049,11,15,6.35493686753437E18,0.01757434294316935,1.0646151832202133,0.0,0.012538916349010328
96,2049,11,16,6.382099460904479E18,0.016315939125702478,1.059635630567702,0.0,0.011604911679019699
91,2049,11,15,9.102023961735639E17,0.020762341118171976,1.0768947374040112,0.0,0.014875597309020857
81,2049,11,15,7.321516021041606E18,0.019401732997738657,1.0696826674594604,0.0,0.013590062152866516
92,2049,11,16,3.0200617878779566E18,0.02160642617917508,1.0802423706528284,0.0,0.015439090763479922
89,2048,11,14,4.5883026077742356E18,0.0176216865524979,1.0641234721101367,0.0,0.012501316810726736
98,2048,11,15,4.983645792114481E18,0.020372305024622357,1.0751134149039399,0.0,0.014533000529168722
88,2049,11,16,6.730945950873178E18,0.020086682883634282,1.0765059578011777,0.0,0.014617909960685417
93,2049,11,16,5.617863043828535E18,0.02070008745679281,1.0754235057024712,0.0,0.014573754206640477
83,2049,11,16,5.594090867782912E17,0.021232622367020157,1.081610617182315,0.0,0.015456297550787515
85,2049,11,17,5.547295844673057E18,0.03205851131282401,1.1195833355510376,0.0,0.022688800324634016
95,2049,11,16,2.0171452079049892E18,0.015237388930493465,1.0557253971734157,0.0,0.010848368962456941
80,2050,11,17,5.640733279973713E18,0.035626390198508044,1.1354196065117925,0.0,0.0254147348532075
97,2051,11,15,1.8995490211313254E17,0.026108853637159823,1.0986040587698345,0.0,0.01874669558782969
94,2051,12,7,2.845830034239694E18,0.005276502323952914,1.019391642557878,0.0,0.0038198070924235286
99,2049,11,15,4.573612603220361E18,0.01417161614297899,1.052319984737286,0.0,0.01019303222338226
82,2050,11,16,6.35493686753437E18,0.018426428819732416,1.067882911024431,0.0,0.013183679722998571
87,2051,11,14,3.836345349235617E18,-1.8669436520199625,-0.5146066317367846,67.64705882352942,-1.3343856722963792
84,2049,11,16,6.005986921513206E18,0.027294031044247574,1.102993014642194,0.0,0.01951913803208468
90,2049,11,15,6.035458547893711E18,0.02228453191021047,1.0828527570235362,0.0,0.015914418846179425
86,2049,11,14,4.761185233657941E18,0.03329004061910899,1.1249479341324704,0.0,0.023693000376340555
96,2050,11,16,6.382099460904479E18,0.014071409874085856,1.051734701358765,0.0,0.010075278785013545
91,2050,11,15,9.102023961735639E17,0.02456368554584385,1.0901169868960576,0.0,0.017347391770044754
89,2049,11,16,4.5883026077742356E18,0.016600613167437665,1.06041561198134,0.0,0.011788318525109729
88,2050,11,15,6.730945950873178E18,0.02187275583392789,1.0809998689793752,0.0,0.0156335472562686
81,2050,11,16,7.321516021041606E18,0.015607683691568345,1.0577600981544377,0.0,0.011212519937273605
92,2050,11,17,3.0200617878779566E18,0.027453380363908528,1.0973312808421134,0.0,0.018965025037716205
80,2051,11,17,5.640733279973713E18,0.025393080259556187,1.091390265839909,0.0,0.01778732744412347
98,2049,11,15,4.983645792114481E18,0.020195473138575174,1.0758381970376467,0.0,0.014569747787388983
83,2050,11,17,5.594090867782912E17,0.017300144194845046,1.0643879616398124,0.0,0.012477180911347798
85,2050,11,15,5.547295844673057E18,0.03150005935225151,1.1191538485364227,0.0,0.022589117460907894
93,2050,11,16,5.617863043828535E18,0.019997236578415775,1.0733881495986397,0.0,0.014244554794243348
95,2050,11,17,2.0171452079049892E18,0.01270125144683597,1.047790312687036,0.0,0.009260478993002101
82,2051,11,20,6.35493686753437E18,0.01312888718088478,1.0483179073113675,0.0,0.009468899886756836
97,2052,11,14,1.8995490211313254E17,0.02456569258497509,1.0917554002936527,0.0,0.017558619200116032
94,2052,12,10,2.845830034239694E18,0.0015551534053930226,1.0050073222942497,0.0,0.0010398370931668803
99,2050,11,17,4.573612603220361E18,0.014869382407019781,1.0543237502959375,0.0,0.01056464896192851
87,2052,11,13,3.836345349235617E18,-0.7445287313877494,-0.11127194718590123,85.6951871657754,-0.5378186344547954
84,2050,11,15,6.005986921513206E18,0.02714838786248086,1.10170502172137,0.0,0.019338703147978264
90,2050,11,15,6.035458547893711E18,0.018097292587372853,1.0677758253187275,0.0,0.01307650666289404
86,2050,11,16,4.761185233657941E18,0.02693969288983515,1.1024403596240313,0.0,0.019343387815708723
96,2051,11,16,6.382099460904479E18,0.013402708590517266,1.047327692600834,0.0,0.009394232308685038
91,2051,11,19,9.102023961735639E17,0.028946644704439223,1.1093553575682815,0.0,0.02062140292300214
89,2050,11,15,4.5883026077742356E18,0.01786126550063485,1.066682384792358,0.0,0.012814986691035963
88,2051,11,18,6.730945950873178E18,0.01624263886834043,1.0605824719948924,0.0,0.011729552172500848
80,2052,11,16,5.640733279973713E18,9.396867470036069E-5,1.0003109970182718,0.0,6.378229540246874E-5
92,2051,11,20,3.0200617878779566E18,0.013211752438848442,1.048965096145804,0.0,0.009567178274636316
81,2051,12,7,7.321516021041606E18,0.007938583606709085,1.028210571584536,0.0,0.005619110643115779
98,2050,11,16,4.983645792114481E18,0.01910968346983088,1.0696290038922796,0.0,0.013518477981397681
83,2051,11,20,5.594090867782912E17,0.010233870613683704,1.0368073775447286,0.0,0.007282053543415548
93,2051,11,15,5.617863043828535E18,0.01815600501062453,1.0651707593243427,0.0,0.012768715284829186
85,2051,11,20,5.547295844673057E18,0.0325115091852862,1.1183414920065247,0.0,0.022708473567658427
82,2052,11,19,6.35493686753437E18,9.809556164284603E-5,1.0003207415223692,0.0,6.644670789489185E-5
95,2051,11,23,2.0171452079049892E18,0.006298699960031697,1.0225427557604367,0.0,0.0044893102372051165
